User.userIds.userName,initialpassword,User.userIds.primaryEmail,User.userIds.verifiedPrimaryEmail,User.name.familyName,User.name.givenName,User.active
dorothee.pascal5205,dorothee.pascal5205,dorothee.pascal5205@yopmail.com,true,dorothée,pascal,true
georges.durand3177,georges.durand3177,georges.durand3177@yopmail.com,true,georges,durand,true
jerome.goncalves6506,jerome.goncalves6506,jerome.goncalves6506@yopmail.com,true,jérôme,goncalves,true
christiane.renard1744,christiane.renard1744,christiane.renard1744@yopmail.com,true,christiane,renard,true
odette.bouchet6398,odette.bouchet6398,odette.bouchet6398@yopmail.com,true,odette,bouchet,true
therese.fouquet3238,therese.fouquet3238,therese.fouquet3238@yopmail.com,true,thérèse,fouquet,true
noel.klein7397,noel.klein7397,noel.klein7397@yopmail.com,true,noël,klein,true
nath.rocher9332,nath.rocher9332,nath.rocher9332@yopmail.com,true,nath,rocher,true
hugues.guyot2873,hugues.guyot2873,hugues.guyot2873@yopmail.com,true,hugues,guyot,true
therese.labbe5489,therese.labbe5489,therese.labbe5489@yopmail.com,true,thérèse,labbé,true
andre.da-silva6693,andre.da-silva6693,andre.da-silva6693@yopmail.com,true,andré,da silva,true
margaret.picard6645,margaret.picard6645,margaret.picard6645@yopmail.com,true,margaret,picard,true
olivier.delahaye5229,olivier.delahaye5229,olivier.delahaye5229@yopmail.com,true,olivier,delahaye,true
celine.marques9361,celine.marques9361,celine.marques9361@yopmail.com,true,céline,marques,true
pierre.blot4175,pierre.blot4175,pierre.blot4175@yopmail.com,true,pierre,blot,true
alexandria.lejeune8153,alexandria.lejeune8153,alexandria.lejeune8153@yopmail.com,true,alexandria,lejeune,true
jacques.blondel8756,jacques.blondel8756,jacques.blondel8756@yopmail.com,true,jacques,blondel,true
agnes.normand4882,agnes.normand4882,agnes.normand4882@yopmail.com,true,agnès,normand,true
lucy.gimenez5640,lucy.gimenez5640,lucy.gimenez5640@yopmail.com,true,lucy,gimenez,true
robert.delannoy8391,robert.delannoy8391,robert.delannoy8391@yopmail.com,true,robert,delannoy,true
laetitia.hernandez7716,laetitia.hernandez7716,laetitia.hernandez7716@yopmail.com,true,laetitia,hernandez,true
michele.dupont9187,michele.dupont9187,michele.dupont9187@yopmail.com,true,michèle,dupont,true
eric.launay4159,eric.launay4159,eric.launay4159@yopmail.com,true,éric,launay,true
valerie.munoz9471,valerie.munoz9471,valerie.munoz9471@yopmail.com,true,valérie,munoz,true
maryse.pineau7624,maryse.pineau7624,maryse.pineau7624@yopmail.com,true,maryse,pineau,true
christelle.bourgeois4693,christelle.bourgeois4693,christelle.bourgeois4693@yopmail.com,true,christelle,bourgeois,true
nathalie.besson8882,nathalie.besson8882,nathalie.besson8882@yopmail.com,true,nathalie,besson,true
roger.lacroix1360,roger.lacroix1360,roger.lacroix1360@yopmail.com,true,roger,lacroix,true
eleonore.pages1097,eleonore.pages1097,eleonore.pages1097@yopmail.com,true,éléonore,pages,true
thomas.courtois5626,thomas.courtois5626,thomas.courtois5626@yopmail.com,true,thomas,courtois,true
manon.buisson8576,manon.buisson8576,manon.buisson8576@yopmail.com,true,manon,buisson,true
jacques.meyer6003,jacques.meyer6003,jacques.meyer6003@yopmail.com,true,jacques,meyer,true
benjamin.gay6903,benjamin.gay6903,benjamin.gay6903@yopmail.com,true,benjamin,gay,true
philippine.olivier7562,philippine.olivier7562,philippine.olivier7562@yopmail.com,true,philippine,olivier,true
danielle.gallet2627,danielle.gallet2627,danielle.gallet2627@yopmail.com,true,danielle,gallet,true
alice.diaz4469,alice.diaz4469,alice.diaz4469@yopmail.com,true,alice,diaz,true
simone.chevallier5296,simone.chevallier5296,simone.chevallier5296@yopmail.com,true,simone,chevallier,true
marianne.remy2633,marianne.remy2633,marianne.remy2633@yopmail.com,true,marianne,rémy,true
theophile.daniel1173,theophile.daniel1173,theophile.daniel1173@yopmail.com,true,théophile,daniel,true
nath.reynaud3359,nath.reynaud3359,nath.reynaud3359@yopmail.com,true,nath,reynaud,true
emmanuelle.gilles2305,emmanuelle.gilles2305,emmanuelle.gilles2305@yopmail.com,true,emmanuelle,gilles,true
valentine.girard4596,valentine.girard4596,valentine.girard4596@yopmail.com,true,valentine,girard,true
aurelie.guibert8729,aurelie.guibert8729,aurelie.guibert8729@yopmail.com,true,aurélie,guibert,true
gilbert.poirier6044,gilbert.poirier6044,gilbert.poirier6044@yopmail.com,true,gilbert,poirier,true
dominique.rousset5536,dominique.rousset5536,dominique.rousset5536@yopmail.com,true,dominique,rousset,true
gregoire.tessier9928,gregoire.tessier9928,gregoire.tessier9928@yopmail.com,true,grégoire,tessier,true
francois.samson1930,francois.samson1930,francois.samson1930@yopmail.com,true,françois,samson,true
patrick.petit5033,patrick.petit5033,patrick.petit5033@yopmail.com,true,patrick,petit,true
zoe.rey7666,zoe.rey7666,zoe.rey7666@yopmail.com,true,zoé,rey,true
michele.cohen1508,michele.cohen1508,michele.cohen1508@yopmail.com,true,michèle,cohen,true
antoine.clerc5584,antoine.clerc5584,antoine.clerc5584@yopmail.com,true,antoine,clerc,true
penelope.ollivier4277,penelope.ollivier4277,penelope.ollivier4277@yopmail.com,true,pénélope,ollivier,true
chantal.petit3553,chantal.petit3553,chantal.petit3553@yopmail.com,true,chantal,petit,true
henriette.imbert4732,henriette.imbert4732,henriette.imbert4732@yopmail.com,true,henriette,imbert,true
victoire.lebrun5455,victoire.lebrun5455,victoire.lebrun5455@yopmail.com,true,victoire,lebrun,true
celine.thibault3905,celine.thibault3905,celine.thibault3905@yopmail.com,true,céline,thibault,true
marcelle.masse7073,marcelle.masse7073,marcelle.masse7073@yopmail.com,true,marcelle,masse,true
anouk.lelievre2594,anouk.lelievre2594,anouk.lelievre2594@yopmail.com,true,anouk,lelièvre,true
jacqueline.noel8503,jacqueline.noel8503,jacqueline.noel8503@yopmail.com,true,jacqueline,noël,true
charlotte.torres5242,charlotte.torres5242,charlotte.torres5242@yopmail.com,true,charlotte,torres,true
veronique.guillon7006,veronique.guillon7006,veronique.guillon7006@yopmail.com,true,véronique,guillon,true
emmanuel.munoz7873,emmanuel.munoz7873,emmanuel.munoz7873@yopmail.com,true,emmanuel,munoz,true
penelope.weber9920,penelope.weber9920,penelope.weber9920@yopmail.com,true,pénélope,weber,true
adrien.marques7389,adrien.marques7389,adrien.marques7389@yopmail.com,true,adrien,marques,true
penelope.gilbert1025,penelope.gilbert1025,penelope.gilbert1025@yopmail.com,true,pénélope,gilbert,true
mathilde.vaillant2613,mathilde.vaillant2613,mathilde.vaillant2613@yopmail.com,true,mathilde,vaillant,true
charles.leroy2369,charles.leroy2369,charles.leroy2369@yopmail.com,true,charles,leroy,true
julien.rocher1763,julien.rocher1763,julien.rocher1763@yopmail.com,true,julien,rocher,true
valerie.fernandes6916,valerie.fernandes6916,valerie.fernandes6916@yopmail.com,true,valérie,fernandes,true
sabine.renard1669,sabine.renard1669,sabine.renard1669@yopmail.com,true,sabine,renard,true
josephine.blanchard2209,josephine.blanchard2209,josephine.blanchard2209@yopmail.com,true,joséphine,blanchard,true
roland.gerard7498,roland.gerard7498,roland.gerard7498@yopmail.com,true,roland,gérard,true
aurelie.bailly6557,aurelie.bailly6557,aurelie.bailly6557@yopmail.com,true,aurélie,bailly,true
marguerite.maillet7904,marguerite.maillet7904,marguerite.maillet7904@yopmail.com,true,marguerite,maillet,true
emilie.boutin4840,emilie.boutin4840,emilie.boutin4840@yopmail.com,true,émilie,boutin,true
philippe.descamps9652,philippe.descamps9652,philippe.descamps9652@yopmail.com,true,philippe,descamps,true
alfred.simon4413,alfred.simon4413,alfred.simon4413@yopmail.com,true,alfred,simon,true
hugues.robin9706,hugues.robin9706,hugues.robin9706@yopmail.com,true,hugues,robin,true
lucy.guillot7614,lucy.guillot7614,lucy.guillot7614@yopmail.com,true,lucy,guillot,true
elisabeth.marques1617,elisabeth.marques1617,elisabeth.marques1617@yopmail.com,true,élisabeth,marques,true
roger.jean8578,roger.jean8578,roger.jean8578@yopmail.com,true,roger,jean,true
jules.rey1720,jules.rey1720,jules.rey1720@yopmail.com,true,jules,rey,true
louis.mahe2917,louis.mahe2917,louis.mahe2917@yopmail.com,true,louis,mahe,true
joseph.turpin7093,joseph.turpin7093,joseph.turpin7093@yopmail.com,true,joseph,turpin,true
isaac.maury1183,isaac.maury1183,isaac.maury1183@yopmail.com,true,isaac,maury,true
raymond.traore5076,raymond.traore5076,raymond.traore5076@yopmail.com,true,raymond,traore,true
nathalie.noel7460,nathalie.noel7460,nathalie.noel7460@yopmail.com,true,nathalie,noël,true
franck.gaudin5068,franck.gaudin5068,franck.gaudin5068@yopmail.com,true,franck,gaudin,true
elisabeth.david3253,elisabeth.david3253,elisabeth.david3253@yopmail.com,true,élisabeth,david,true
hortense.guillet3490,hortense.guillet3490,hortense.guillet3490@yopmail.com,true,hortense,guillet,true
jacques.lucas9439,jacques.lucas9439,jacques.lucas9439@yopmail.com,true,jacques,lucas,true
camille.didier5229,camille.didier5229,camille.didier5229@yopmail.com,true,camille,didier,true
marcel.bouvet7505,marcel.bouvet7505,marcel.bouvet7505@yopmail.com,true,marcel,bouvet,true
christophe.peron2206,christophe.peron2206,christophe.peron2206@yopmail.com,true,christophe,peron,true
roger.giraud2741,roger.giraud2741,roger.giraud2741@yopmail.com,true,roger,giraud,true
jeannine.descamps9344,jeannine.descamps9344,jeannine.descamps9344@yopmail.com,true,jeannine,descamps,true
philippe.labbe2391,philippe.labbe2391,philippe.labbe2391@yopmail.com,true,philippe,labbé,true
marianne.jacob2142,marianne.jacob2142,marianne.jacob2142@yopmail.com,true,marianne,jacob,true
thibault.mallet6909,thibault.mallet6909,thibault.mallet6909@yopmail.com,true,thibault,mallet,true
margaret.michaud3123,margaret.michaud3123,margaret.michaud3123@yopmail.com,true,margaret,michaud,true
claude.petit2469,claude.petit2469,claude.petit2469@yopmail.com,true,claude,petit,true
leon.baudry6602,leon.baudry6602,leon.baudry6602@yopmail.com,true,léon,baudry,true
penelope.nicolas4609,penelope.nicolas4609,penelope.nicolas4609@yopmail.com,true,pénélope,nicolas,true
victoire.lopez4368,victoire.lopez4368,victoire.lopez4368@yopmail.com,true,victoire,lopez,true
georges.collet2164,georges.collet2164,georges.collet2164@yopmail.com,true,georges,collet,true
michelle.meyer2265,michelle.meyer2265,michelle.meyer2265@yopmail.com,true,michelle,meyer,true
marguerite.rocher4363,marguerite.rocher4363,marguerite.rocher4363@yopmail.com,true,marguerite,rocher,true
alexandre.reynaud3346,alexandre.reynaud3346,alexandre.reynaud3346@yopmail.com,true,alexandre,reynaud,true
celina.simon3289,celina.simon3289,celina.simon3289@yopmail.com,true,célina,simon,true
audrey.gallet1851,audrey.gallet1851,audrey.gallet1851@yopmail.com,true,audrey,gallet,true
veronique.mallet4328,veronique.mallet4328,veronique.mallet4328@yopmail.com,true,véronique,mallet,true
monique.lacombe9067,monique.lacombe9067,monique.lacombe9067@yopmail.com,true,monique,lacombe,true
maryse.antoine9529,maryse.antoine9529,maryse.antoine9529@yopmail.com,true,maryse,antoine,true
susan.sauvage7955,susan.sauvage7955,susan.sauvage7955@yopmail.com,true,susan,sauvage,true
therese.fouquet8161,therese.fouquet8161,therese.fouquet8161@yopmail.com,true,thérèse,fouquet,true
celine.leclerc7748,celine.leclerc7748,celine.leclerc7748@yopmail.com,true,céline,leclerc,true
antoinette.roy2895,antoinette.roy2895,antoinette.roy2895@yopmail.com,true,antoinette,roy,true
edouard.delattre7010,edouard.delattre7010,edouard.delattre7010@yopmail.com,true,édouard,delattre,true
astrid.dias5718,astrid.dias5718,astrid.dias5718@yopmail.com,true,astrid,dias,true
marcel.rey7725,marcel.rey7725,marcel.rey7725@yopmail.com,true,marcel,rey,true
anastasie.barbier5226,anastasie.barbier5226,anastasie.barbier5226@yopmail.com,true,anastasie,barbier,true
rene.perez7641,rene.perez7641,rene.perez7641@yopmail.com,true,rené,perez,true
charles.guichard1788,charles.guichard1788,charles.guichard1788@yopmail.com,true,charles,guichard,true
frederique.jean3414,frederique.jean3414,frederique.jean3414@yopmail.com,true,frédérique,jean,true
sabine.tessier8997,sabine.tessier8997,sabine.tessier8997@yopmail.com,true,sabine,tessier,true
alexandre.albert5280,alexandre.albert5280,alexandre.albert5280@yopmail.com,true,alexandre,albert,true
olivier.pons6941,olivier.pons6941,olivier.pons6941@yopmail.com,true,olivier,pons,true
michelle.carlier6123,michelle.carlier6123,michelle.carlier6123@yopmail.com,true,michelle,carlier,true
aime.diaz2441,aime.diaz2441,aime.diaz2441@yopmail.com,true,aimé,diaz,true
louise.aubry3787,louise.aubry3787,louise.aubry3787@yopmail.com,true,louise,aubry,true
marine.bouchet1624,marine.bouchet1624,marine.bouchet1624@yopmail.com,true,marine,bouchet,true
theophile.olivier7107,theophile.olivier7107,theophile.olivier7107@yopmail.com,true,théophile,olivier,true
helene.normand5394,helene.normand5394,helene.normand5394@yopmail.com,true,hélène,normand,true
anne.sauvage3034,anne.sauvage3034,anne.sauvage3034@yopmail.com,true,anne,sauvage,true
marianne.delannoy9535,marianne.delannoy9535,marianne.delannoy9535@yopmail.com,true,marianne,delannoy,true
thierry.giraud6164,thierry.giraud6164,thierry.giraud6164@yopmail.com,true,thierry,giraud,true
aurelie.riviere1899,aurelie.riviere1899,aurelie.riviere1899@yopmail.com,true,aurélie,rivière,true
juliette.fischer3588,juliette.fischer3588,juliette.fischer3588@yopmail.com,true,juliette,fischer,true
roger.gomes2684,roger.gomes2684,roger.gomes2684@yopmail.com,true,roger,gomes,true
camille.rossi2408,camille.rossi2408,camille.rossi2408@yopmail.com,true,camille,rossi,true
elisabeth.mace7733,elisabeth.mace7733,elisabeth.mace7733@yopmail.com,true,élisabeth,mace,true
thierry.vaillant5816,thierry.vaillant5816,thierry.vaillant5816@yopmail.com,true,thierry,vaillant,true
agathe.fontaine1701,agathe.fontaine1701,agathe.fontaine1701@yopmail.com,true,agathe,fontaine,true
thibault.delaunay3675,thibault.delaunay3675,thibault.delaunay3675@yopmail.com,true,thibault,delaunay,true
francois.colas7039,francois.colas7039,francois.colas7039@yopmail.com,true,françois,colas,true
elodie.mace7127,elodie.mace7127,elodie.mace7127@yopmail.com,true,élodie,mace,true
bernadette.masse3345,bernadette.masse3345,bernadette.masse3345@yopmail.com,true,bernadette,masse,true
pierre.jacob7809,pierre.jacob7809,pierre.jacob7809@yopmail.com,true,pierre,jacob,true
marie.delattre3731,marie.delattre3731,marie.delattre3731@yopmail.com,true,marie,delattre,true
alphonse.clerc7284,alphonse.clerc7284,alphonse.clerc7284@yopmail.com,true,alphonse,clerc,true
marc.leveque7358,marc.leveque7358,marc.leveque7358@yopmail.com,true,marc,lévêque,true
yves.breton1032,yves.breton1032,yves.breton1032@yopmail.com,true,yves,breton,true
andree.jacquot2169,andree.jacquot2169,andree.jacquot2169@yopmail.com,true,andrée,jacquot,true
patricia.leblanc5462,patricia.leblanc5462,patricia.leblanc5462@yopmail.com,true,patricia,leblanc,true
nicole.dupre6101,nicole.dupre6101,nicole.dupre6101@yopmail.com,true,nicole,dupré,true
lucy.lejeune2572,lucy.lejeune2572,lucy.lejeune2572@yopmail.com,true,lucy,lejeune,true
sabine.maillard4838,sabine.maillard4838,sabine.maillard4838@yopmail.com,true,sabine,maillard,true
manon.muller3164,manon.muller3164,manon.muller3164@yopmail.com,true,manon,muller,true
adrien.pruvost8188,adrien.pruvost8188,adrien.pruvost8188@yopmail.com,true,adrien,pruvost,true
marcelle.klein8162,marcelle.klein8162,marcelle.klein8162@yopmail.com,true,marcelle,klein,true
nathalie.courtois7018,nathalie.courtois7018,nathalie.courtois7018@yopmail.com,true,nathalie,courtois,true
arthur.mendes7021,arthur.mendes7021,arthur.mendes7021@yopmail.com,true,arthur,mendès,true
isaac.julien7303,isaac.julien7303,isaac.julien7303@yopmail.com,true,isaac,julien,true
michel.marechal8555,michel.marechal8555,michel.marechal8555@yopmail.com,true,michel,maréchal,true
colette.bernier8531,colette.bernier8531,colette.bernier8531@yopmail.com,true,colette,bernier,true
arthur.ledoux8021,arthur.ledoux8021,arthur.ledoux8021@yopmail.com,true,arthur,ledoux,true
capucine.michaud1313,capucine.michaud1313,capucine.michaud1313@yopmail.com,true,capucine,michaud,true
adelaide.rousset1462,adelaide.rousset1462,adelaide.rousset1462@yopmail.com,true,adélaïde,rousset,true
chantal.simon8341,chantal.simon8341,chantal.simon8341@yopmail.com,true,chantal,simon,true
edouard.albert7402,edouard.albert7402,edouard.albert7402@yopmail.com,true,édouard,albert,true
anais.boulay7522,anais.boulay7522,anais.boulay7522@yopmail.com,true,anaïs,boulay,true
laetitia.letellier3162,laetitia.letellier3162,laetitia.letellier3162@yopmail.com,true,laetitia,letellier,true
michelle.humbert9874,michelle.humbert9874,michelle.humbert9874@yopmail.com,true,michelle,humbert,true
isabelle.lacombe1577,isabelle.lacombe1577,isabelle.lacombe1577@yopmail.com,true,isabelle,lacombe,true
matthieu.dupont6122,matthieu.dupont6122,matthieu.dupont6122@yopmail.com,true,matthieu,dupont,true
aimee.blanchet4954,aimee.blanchet4954,aimee.blanchet4954@yopmail.com,true,aimée,blanchet,true
hugues.de-oliveira8319,hugues.de-oliveira8319,hugues.de-oliveira8319@yopmail.com,true,hugues,de oliveira,true
manon.roche6933,manon.roche6933,manon.roche6933@yopmail.com,true,manon,roche,true
marc.martin9377,marc.martin9377,marc.martin9377@yopmail.com,true,marc,martin,true
david.chauvet5702,david.chauvet5702,david.chauvet5702@yopmail.com,true,david,chauvet,true
clemence.remy8781,clemence.remy8781,clemence.remy8781@yopmail.com,true,clémence,rémy,true
agnes.rocher4087,agnes.rocher4087,agnes.rocher4087@yopmail.com,true,agnès,rocher,true
marthe.gomez6792,marthe.gomez6792,marthe.gomez6792@yopmail.com,true,marthe,gomez,true
anouk.vidal1355,anouk.vidal1355,anouk.vidal1355@yopmail.com,true,anouk,vidal,true
martine.besnard5412,martine.besnard5412,martine.besnard5412@yopmail.com,true,martine,besnard,true
claudine.leclercq4647,claudine.leclercq4647,claudine.leclercq4647@yopmail.com,true,claudine,leclercq,true
colette.david6220,colette.david6220,colette.david6220@yopmail.com,true,colette,david,true
marthe.maillet2305,marthe.maillet2305,marthe.maillet2305@yopmail.com,true,marthe,maillet,true
victor.lecomte9410,victor.lecomte9410,victor.lecomte9410@yopmail.com,true,victor,lecomte,true
victor.guerin6961,victor.guerin6961,victor.guerin6961@yopmail.com,true,victor,guérin,true
maryse.valette2283,maryse.valette2283,maryse.valette2283@yopmail.com,true,maryse,valette,true
odette.mathieu4309,odette.mathieu4309,odette.mathieu4309@yopmail.com,true,odette,mathieu,true
marthe.legros6604,marthe.legros6604,marthe.legros6604@yopmail.com,true,marthe,legros,true
francoise.chevalier3350,francoise.chevalier3350,francoise.chevalier3350@yopmail.com,true,françoise,chevalier,true
julie.vincent7867,julie.vincent7867,julie.vincent7867@yopmail.com,true,julie,vincent,true
odette.ramos5402,odette.ramos5402,odette.ramos5402@yopmail.com,true,odette,ramos,true
marc.leveque2338,marc.leveque2338,marc.leveque2338@yopmail.com,true,marc,lévêque,true
emmanuelle.roussel4035,emmanuelle.roussel4035,emmanuelle.roussel4035@yopmail.com,true,emmanuelle,roussel,true
camille.techer7425,camille.techer7425,camille.techer7425@yopmail.com,true,camille,techer,true
laetitia.thomas9930,laetitia.thomas9930,laetitia.thomas9930@yopmail.com,true,laetitia,thomas,true
marine.mary5780,marine.mary5780,marine.mary5780@yopmail.com,true,marine,mary,true
christelle.francois1715,christelle.francois1715,christelle.francois1715@yopmail.com,true,christelle,françois,true
etienne.weiss3798,etienne.weiss3798,etienne.weiss3798@yopmail.com,true,étienne,weiss,true
agnes.joly2570,agnes.joly2570,agnes.joly2570@yopmail.com,true,agnès,joly,true
auguste.david1053,auguste.david1053,auguste.david1053@yopmail.com,true,auguste,david,true
gerard.cohen5597,gerard.cohen5597,gerard.cohen5597@yopmail.com,true,gérard,cohen,true
gabriel.lemoine6712,gabriel.lemoine6712,gabriel.lemoine6712@yopmail.com,true,gabriel,lemoine,true
patricia.gautier2634,patricia.gautier2634,patricia.gautier2634@yopmail.com,true,patricia,gautier,true
matthieu.duval3865,matthieu.duval3865,matthieu.duval3865@yopmail.com,true,matthieu,duval,true
alphonse.lopez5548,alphonse.lopez5548,alphonse.lopez5548@yopmail.com,true,alphonse,lopez,true
roland.gilles5539,roland.gilles5539,roland.gilles5539@yopmail.com,true,roland,gilles,true
amelie.charpentier6743,amelie.charpentier6743,amelie.charpentier6743@yopmail.com,true,amélie,charpentier,true
edouard.dupuy5680,edouard.dupuy5680,edouard.dupuy5680@yopmail.com,true,édouard,dupuy,true
nicole.humbert2519,nicole.humbert2519,nicole.humbert2519@yopmail.com,true,nicole,humbert,true
madeleine.dupuy2241,madeleine.dupuy2241,madeleine.dupuy2241@yopmail.com,true,madeleine,dupuy,true
virginie.lebrun2990,virginie.lebrun2990,virginie.lebrun2990@yopmail.com,true,virginie,lebrun,true
henriette.imbert4315,henriette.imbert4315,henriette.imbert4315@yopmail.com,true,henriette,imbert,true
jeanne.da-silva7613,jeanne.da-silva7613,jeanne.da-silva7613@yopmail.com,true,jeanne,da silva,true
marie.labbe6563,marie.labbe6563,marie.labbe6563@yopmail.com,true,marie,labbé,true
margaux.regnier6483,margaux.regnier6483,margaux.regnier6483@yopmail.com,true,margaux,regnier,true
simone.germain9743,simone.germain9743,simone.germain9743@yopmail.com,true,simone,germain,true
gilbert.pasquier1536,gilbert.pasquier1536,gilbert.pasquier1536@yopmail.com,true,gilbert,pasquier,true
olivie.dijoux4921,olivie.dijoux4921,olivie.dijoux4921@yopmail.com,true,olivie,dijoux,true
astrid.joseph8313,astrid.joseph8313,astrid.joseph8313@yopmail.com,true,astrid,joseph,true
henri.besnard3837,henri.besnard3837,henri.besnard3837@yopmail.com,true,henri,besnard,true
caroline.perrier9465,caroline.perrier9465,caroline.perrier9465@yopmail.com,true,caroline,perrier,true
gregoire.besson5296,gregoire.besson5296,gregoire.besson5296@yopmail.com,true,grégoire,besson,true
robert.joly2671,robert.joly2671,robert.joly2671@yopmail.com,true,robert,joly,true
arthur.raynaud6030,arthur.raynaud6030,arthur.raynaud6030@yopmail.com,true,arthur,raynaud,true
susanne.texier1550,susanne.texier1550,susanne.texier1550@yopmail.com,true,susanne,texier,true
susan.leroux5081,susan.leroux5081,susan.leroux5081@yopmail.com,true,susan,leroux,true
joseph.ramos2445,joseph.ramos2445,joseph.ramos2445@yopmail.com,true,joseph,ramos,true
gilbert.albert2250,gilbert.albert2250,gilbert.albert2250@yopmail.com,true,gilbert,albert,true
josette.deschamps6521,josette.deschamps6521,josette.deschamps6521@yopmail.com,true,josette,deschamps,true
celine.de-oliveira8999,celine.de-oliveira8999,celine.de-oliveira8999@yopmail.com,true,céline,de oliveira,true
hortense.moreno4279,hortense.moreno4279,hortense.moreno4279@yopmail.com,true,hortense,moreno,true
rene.paris8672,rene.paris8672,rene.paris8672@yopmail.com,true,rené,paris,true
victor.georges5862,victor.georges5862,victor.georges5862@yopmail.com,true,victor,georges,true
david.lacroix8441,david.lacroix8441,david.lacroix8441@yopmail.com,true,david,lacroix,true
arnaude.grenier2688,arnaude.grenier2688,arnaude.grenier2688@yopmail.com,true,arnaude,grenier,true
christophe.riou5504,christophe.riou5504,christophe.riou5504@yopmail.com,true,christophe,riou,true
marine.besnard4154,marine.besnard4154,marine.besnard4154@yopmail.com,true,marine,besnard,true
constance.rossi4051,constance.rossi4051,constance.rossi4051@yopmail.com,true,constance,rossi,true
theophile.marques8212,theophile.marques8212,theophile.marques8212@yopmail.com,true,théophile,marques,true
margaret.clerc5590,margaret.clerc5590,margaret.clerc5590@yopmail.com,true,margaret,clerc,true
thibaut.remy6372,thibaut.remy6372,thibaut.remy6372@yopmail.com,true,thibaut,rémy,true
jeannine.clerc9569,jeannine.clerc9569,jeannine.clerc9569@yopmail.com,true,jeannine,clerc,true
agnes.petit2031,agnes.petit2031,agnes.petit2031@yopmail.com,true,agnès,petit,true
emile.gauthier7003,emile.gauthier7003,emile.gauthier7003@yopmail.com,true,émile,gauthier,true
antoinette.reynaud2342,antoinette.reynaud2342,antoinette.reynaud2342@yopmail.com,true,antoinette,reynaud,true
marine.collet7272,marine.collet7272,marine.collet7272@yopmail.com,true,marine,collet,true
margot.joubert9523,margot.joubert9523,margot.joubert9523@yopmail.com,true,margot,joubert,true
dorothee.marie2414,dorothee.marie2414,dorothee.marie2414@yopmail.com,true,dorothée,marie,true
roger.verdier6989,roger.verdier6989,roger.verdier6989@yopmail.com,true,roger,verdier,true
luc.martin2412,luc.martin2412,luc.martin2412@yopmail.com,true,luc,martin,true
yves.dupuis9937,yves.dupuis9937,yves.dupuis9937@yopmail.com,true,yves,dupuis,true
bertrand.caron4283,bertrand.caron4283,bertrand.caron4283@yopmail.com,true,bertrand,caron,true
valerie.diaz4780,valerie.diaz4780,valerie.diaz4780@yopmail.com,true,valérie,diaz,true
eleonore.perrot7231,eleonore.perrot7231,eleonore.perrot7231@yopmail.com,true,éléonore,perrot,true
claudine.garnier1889,claudine.garnier1889,claudine.garnier1889@yopmail.com,true,claudine,garnier,true
emile.martinez3523,emile.martinez3523,emile.martinez3523@yopmail.com,true,émile,martinez,true
ines.perrier3687,ines.perrier3687,ines.perrier3687@yopmail.com,true,inès,perrier,true
martin.le-gall5749,martin.le-gall5749,martin.le-gall5749@yopmail.com,true,martin,le gall,true
oceane.herve3531,oceane.herve3531,oceane.herve3531@yopmail.com,true,océane,hervé,true
adrienne.caron1667,adrienne.caron1667,adrienne.caron1667@yopmail.com,true,adrienne,caron,true
christiane.maillard1985,christiane.maillard1985,christiane.maillard1985@yopmail.com,true,christiane,maillard,true
isaac.letellier3629,isaac.letellier3629,isaac.letellier3629@yopmail.com,true,isaac,letellier,true
chantal.blanchet3184,chantal.blanchet3184,chantal.blanchet3184@yopmail.com,true,chantal,blanchet,true
hugues.perez5375,hugues.perez5375,hugues.perez5375@yopmail.com,true,hugues,perez,true
laetitia.monnier2258,laetitia.monnier2258,laetitia.monnier2258@yopmail.com,true,laetitia,monnier,true
anais.potier9417,anais.potier9417,anais.potier9417@yopmail.com,true,anaïs,potier,true
guillaume.colin7947,guillaume.colin7947,guillaume.colin7947@yopmail.com,true,guillaume,colin,true
alfred.garcia9470,alfred.garcia9470,alfred.garcia9470@yopmail.com,true,alfred,garcia,true
francois.regnier9991,francois.regnier9991,francois.regnier9991@yopmail.com,true,françois,regnier,true
margaret.le-roux9265,margaret.le-roux9265,margaret.le-roux9265@yopmail.com,true,margaret,le roux,true
marcelle.klein9908,marcelle.klein9908,marcelle.klein9908@yopmail.com,true,marcelle,klein,true
theophile.vaillant7167,theophile.vaillant7167,theophile.vaillant7167@yopmail.com,true,théophile,vaillant,true
emilie.bertin5270,emilie.bertin5270,emilie.bertin5270@yopmail.com,true,émilie,bertin,true
gabrielle.poirier1967,gabrielle.poirier1967,gabrielle.poirier1967@yopmail.com,true,gabrielle,poirier,true
therese.bernier3942,therese.bernier3942,therese.bernier3942@yopmail.com,true,thérèse,bernier,true
marianne.renault7934,marianne.renault7934,marianne.renault7934@yopmail.com,true,marianne,renault,true
marcelle.laine7732,marcelle.laine7732,marcelle.laine7732@yopmail.com,true,marcelle,laine,true
margot.maurice5986,margot.maurice5986,margot.maurice5986@yopmail.com,true,margot,maurice,true
sophie.petitjean9523,sophie.petitjean9523,sophie.petitjean9523@yopmail.com,true,sophie,petitjean,true
lucie.hamon4386,lucie.hamon4386,lucie.hamon4386@yopmail.com,true,lucie,hamon,true
luc.jacques4075,luc.jacques4075,luc.jacques4075@yopmail.com,true,luc,jacques,true
antoine.ruiz2685,antoine.ruiz2685,antoine.ruiz2685@yopmail.com,true,antoine,ruiz,true
jacqueline.coulon3485,jacqueline.coulon3485,jacqueline.coulon3485@yopmail.com,true,jacqueline,coulon,true
danielle.bonnin4450,danielle.bonnin4450,danielle.bonnin4450@yopmail.com,true,danielle,bonnin,true
colette.paul4193,colette.paul4193,colette.paul4193@yopmail.com,true,colette,paul,true
joseph.bouchet1790,joseph.bouchet1790,joseph.bouchet1790@yopmail.com,true,joseph,bouchet,true
alain.mace1852,alain.mace1852,alain.mace1852@yopmail.com,true,alain,mace,true
camille.dupuy2058,camille.dupuy2058,camille.dupuy2058@yopmail.com,true,camille,dupuy,true
amelie.arnaud8826,amelie.arnaud8826,amelie.arnaud8826@yopmail.com,true,amélie,arnaud,true
agnes.thomas2034,agnes.thomas2034,agnes.thomas2034@yopmail.com,true,agnès,thomas,true
gilbert.raynaud2094,gilbert.raynaud2094,gilbert.raynaud2094@yopmail.com,true,gilbert,raynaud,true
timothee.munoz9078,timothee.munoz9078,timothee.munoz9078@yopmail.com,true,timothée,munoz,true
claire.bailly5125,claire.bailly5125,claire.bailly5125@yopmail.com,true,claire,bailly,true
arnaude.texier2081,arnaude.texier2081,arnaude.texier2081@yopmail.com,true,arnaude,texier,true
alain.leclercq8502,alain.leclercq8502,alain.leclercq8502@yopmail.com,true,alain,leclercq,true
frederique.chretien4305,frederique.chretien4305,frederique.chretien4305@yopmail.com,true,frédérique,chrétien,true
michelle.lelievre2399,michelle.lelievre2399,michelle.lelievre2399@yopmail.com,true,michelle,lelièvre,true
anastasie.hernandez5936,anastasie.hernandez5936,anastasie.hernandez5936@yopmail.com,true,anastasie,hernandez,true
agathe.ribeiro5842,agathe.ribeiro5842,agathe.ribeiro5842@yopmail.com,true,agathe,ribeiro,true
andre.lagarde5736,andre.lagarde5736,andre.lagarde5736@yopmail.com,true,andré,lagarde,true
victor.texier2689,victor.texier2689,victor.texier2689@yopmail.com,true,victor,texier,true
valentine.blanchard5608,valentine.blanchard5608,valentine.blanchard5608@yopmail.com,true,valentine,blanchard,true
theophile.labbe6160,theophile.labbe6160,theophile.labbe6160@yopmail.com,true,théophile,labbé,true
luc.sauvage9993,luc.sauvage9993,luc.sauvage9993@yopmail.com,true,luc,sauvage,true
auguste.lebrun7066,auguste.lebrun7066,auguste.lebrun7066@yopmail.com,true,auguste,lebrun,true
michel.durand1794,michel.durand1794,michel.durand1794@yopmail.com,true,michel,durand,true
zacharie.lemaitre9718,zacharie.lemaitre9718,zacharie.lemaitre9718@yopmail.com,true,zacharie,lemaître,true
genevieve.roche8845,genevieve.roche8845,genevieve.roche8845@yopmail.com,true,geneviève,roche,true
francoise.hardy9676,francoise.hardy9676,francoise.hardy9676@yopmail.com,true,françoise,hardy,true
gregoire.gilles3400,gregoire.gilles3400,gregoire.gilles3400@yopmail.com,true,grégoire,gilles,true
philippe.david3743,philippe.david3743,philippe.david3743@yopmail.com,true,philippe,david,true
ines.perret7363,ines.perret7363,ines.perret7363@yopmail.com,true,inès,perret,true
patricia.moreau6654,patricia.moreau6654,patricia.moreau6654@yopmail.com,true,patricia,moreau,true
maurice.robert2549,maurice.robert2549,maurice.robert2549@yopmail.com,true,maurice,robert,true
arthur.marechal7735,arthur.marechal7735,arthur.marechal7735@yopmail.com,true,arthur,maréchal,true
rene.ribeiro7313,rene.ribeiro7313,rene.ribeiro7313@yopmail.com,true,rené,ribeiro,true
lucas.navarro9340,lucas.navarro9340,lucas.navarro9340@yopmail.com,true,lucas,navarro,true
alexandrie.masson9246,alexandrie.masson9246,alexandrie.masson9246@yopmail.com,true,alexandrie,masson,true
jerome.lacombe2093,jerome.lacombe2093,jerome.lacombe2093@yopmail.com,true,jérôme,lacombe,true
margot.perrot9262,margot.perrot9262,margot.perrot9262@yopmail.com,true,margot,perrot,true
leon.meunier2408,leon.meunier2408,leon.meunier2408@yopmail.com,true,léon,meunier,true
emmanuel.michaud1155,emmanuel.michaud1155,emmanuel.michaud1155@yopmail.com,true,emmanuel,michaud,true
oceane.pinto6214,oceane.pinto6214,oceane.pinto6214@yopmail.com,true,océane,pinto,true
charlotte.renard6894,charlotte.renard6894,charlotte.renard6894@yopmail.com,true,charlotte,renard,true
louise.bazin5217,louise.bazin5217,louise.bazin5217@yopmail.com,true,louise,bazin,true
jules.meyer7036,jules.meyer7036,jules.meyer7036@yopmail.com,true,jules,meyer,true
julien.didier1128,julien.didier1128,julien.didier1128@yopmail.com,true,julien,didier,true
louise.perrier6934,louise.perrier6934,louise.perrier6934@yopmail.com,true,louise,perrier,true
xavier.bonnin1408,xavier.bonnin1408,xavier.bonnin1408@yopmail.com,true,xavier,bonnin,true
theodore.lelievre3505,theodore.lelievre3505,theodore.lelievre3505@yopmail.com,true,théodore,lelièvre,true
laetitia.allain8652,laetitia.allain8652,laetitia.allain8652@yopmail.com,true,laetitia,allain,true
michele.lecoq6949,michele.lecoq6949,michele.lecoq6949@yopmail.com,true,michèle,lecoq,true
marine.lesage3664,marine.lesage3664,marine.lesage3664@yopmail.com,true,marine,lesage,true
susan.thibault3653,susan.thibault3653,susan.thibault3653@yopmail.com,true,susan,thibault,true
henriette.teixeira1641,henriette.teixeira1641,henriette.teixeira1641@yopmail.com,true,henriette,teixeira,true
theophile.fabre9789,theophile.fabre9789,theophile.fabre9789@yopmail.com,true,théophile,fabre,true
nicole.verdier7729,nicole.verdier7729,nicole.verdier7729@yopmail.com,true,nicole,verdier,true
marie.herve5388,marie.herve5388,marie.herve5388@yopmail.com,true,marie,hervé,true
simone.bouvier2871,simone.bouvier2871,simone.bouvier2871@yopmail.com,true,simone,bouvier,true
pauline.gilbert3594,pauline.gilbert3594,pauline.gilbert3594@yopmail.com,true,pauline,gilbert,true
raymond.gomez8921,raymond.gomez8921,raymond.gomez8921@yopmail.com,true,raymond,gomez,true
andree.clerc1626,andree.clerc1626,andree.clerc1626@yopmail.com,true,andrée,clerc,true
christine.delahaye9977,christine.delahaye9977,christine.delahaye9977@yopmail.com,true,christine,delahaye,true
eric.collin5649,eric.collin5649,eric.collin5649@yopmail.com,true,éric,collin,true
oceane.hernandez5663,oceane.hernandez5663,oceane.hernandez5663@yopmail.com,true,océane,hernandez,true
eric.valette8228,eric.valette8228,eric.valette8228@yopmail.com,true,éric,valette,true
adele.delaunay9228,adele.delaunay9228,adele.delaunay9228@yopmail.com,true,adèle,delaunay,true
louise.mahe4170,louise.mahe4170,louise.mahe4170@yopmail.com,true,louise,mahe,true
leon.bernier5982,leon.bernier5982,leon.bernier5982@yopmail.com,true,léon,bernier,true
agathe.jourdan2172,agathe.jourdan2172,agathe.jourdan2172@yopmail.com,true,agathe,jourdan,true
gilbert.gomes1124,gilbert.gomes1124,gilbert.gomes1124@yopmail.com,true,gilbert,gomes,true
dominique.gomes5287,dominique.gomes5287,dominique.gomes5287@yopmail.com,true,dominique,gomes,true
christelle.meyer9321,christelle.meyer9321,christelle.meyer9321@yopmail.com,true,christelle,meyer,true
edouard.sanchez4755,edouard.sanchez4755,edouard.sanchez4755@yopmail.com,true,édouard,sanchez,true
jeannine.prevost6170,jeannine.prevost6170,jeannine.prevost6170@yopmail.com,true,jeannine,prévost,true
marcel.hoareau6689,marcel.hoareau6689,marcel.hoareau6689@yopmail.com,true,marcel,hoareau,true
celina.pages9106,celina.pages9106,celina.pages9106@yopmail.com,true,célina,pages,true
nicolas.letellier2894,nicolas.letellier2894,nicolas.letellier2894@yopmail.com,true,nicolas,letellier,true
paul.carlier1120,paul.carlier1120,paul.carlier1120@yopmail.com,true,paul,carlier,true
lucas.lecoq6218,lucas.lecoq6218,lucas.lecoq6218@yopmail.com,true,lucas,lecoq,true
stephanie.maillot2224,stephanie.maillot2224,stephanie.maillot2224@yopmail.com,true,stéphanie,maillot,true
oceane.julien9591,oceane.julien9591,oceane.julien9591@yopmail.com,true,océane,julien,true
cecile.breton9687,cecile.breton9687,cecile.breton9687@yopmail.com,true,cécile,breton,true
bernard.verdier1862,bernard.verdier1862,bernard.verdier1862@yopmail.com,true,bernard,verdier,true
thibaut.charles7389,thibaut.charles7389,thibaut.charles7389@yopmail.com,true,thibaut,charles,true
luc.caron3136,luc.caron3136,luc.caron3136@yopmail.com,true,luc,caron,true
jeanne.allard8396,jeanne.allard8396,jeanne.allard8396@yopmail.com,true,jeanne,allard,true
michele.baudry4610,michele.baudry4610,michele.baudry4610@yopmail.com,true,michèle,baudry,true
marc.moulin5861,marc.moulin5861,marc.moulin5861@yopmail.com,true,marc,moulin,true
gabriel.blanchet9211,gabriel.blanchet9211,gabriel.blanchet9211@yopmail.com,true,gabriel,blanchet,true
margot.fontaine5075,margot.fontaine5075,margot.fontaine5075@yopmail.com,true,margot,fontaine,true
laetitia.marques1078,laetitia.marques1078,laetitia.marques1078@yopmail.com,true,laetitia,marques,true
etienne.lelievre3532,etienne.lelievre3532,etienne.lelievre3532@yopmail.com,true,étienne,lelièvre,true
sophie.gautier7542,sophie.gautier7542,sophie.gautier7542@yopmail.com,true,sophie,gautier,true
jeanne.ledoux3735,jeanne.ledoux3735,jeanne.ledoux3735@yopmail.com,true,jeanne,ledoux,true
arthur.jacques1734,arthur.jacques1734,arthur.jacques1734@yopmail.com,true,arthur,jacques,true
christophe.peltier4691,christophe.peltier4691,christophe.peltier4691@yopmail.com,true,christophe,peltier,true
julien.fabre7140,julien.fabre7140,julien.fabre7140@yopmail.com,true,julien,fabre,true
penelope.guibert1579,penelope.guibert1579,penelope.guibert1579@yopmail.com,true,pénélope,guibert,true
maurice.wagner9996,maurice.wagner9996,maurice.wagner9996@yopmail.com,true,maurice,wagner,true
mathilde.fischer4820,mathilde.fischer4820,mathilde.fischer4820@yopmail.com,true,mathilde,fischer,true
alexandria.benard9848,alexandria.benard9848,alexandria.benard9848@yopmail.com,true,alexandria,benard,true
elisabeth.regnier2979,elisabeth.regnier2979,elisabeth.regnier2979@yopmail.com,true,élisabeth,regnier,true
bertrand.pichon5580,bertrand.pichon5580,bertrand.pichon5580@yopmail.com,true,bertrand,pichon,true
alice.gauthier7013,alice.gauthier7013,alice.gauthier7013@yopmail.com,true,alice,gauthier,true
penelope.marchal4471,penelope.marchal4471,penelope.marchal4471@yopmail.com,true,pénélope,marchal,true
laetitia.boyer3615,laetitia.boyer3615,laetitia.boyer3615@yopmail.com,true,laetitia,boyer,true
dorothee.delmas9751,dorothee.delmas9751,dorothee.delmas9751@yopmail.com,true,dorothée,delmas,true
andre.traore1898,andre.traore1898,andre.traore1898@yopmail.com,true,andré,traore,true
alexandria.morel7158,alexandria.morel7158,alexandria.morel7158@yopmail.com,true,alexandria,morel,true
william.bertrand2892,william.bertrand2892,william.bertrand2892@yopmail.com,true,william,bertrand,true
thibault.de-oliveira1600,thibault.de-oliveira1600,thibault.de-oliveira1600@yopmail.com,true,thibault,de oliveira,true
manon.letellier8774,manon.letellier8774,manon.letellier8774@yopmail.com,true,manon,letellier,true
louis.guillon9967,louis.guillon9967,louis.guillon9967@yopmail.com,true,louis,guillon,true
remy.payet2254,remy.payet2254,remy.payet2254@yopmail.com,true,rémy,payet,true
margaux.denis2498,margaux.denis2498,margaux.denis2498@yopmail.com,true,margaux,denis,true
antoinette.daniel3473,antoinette.daniel3473,antoinette.daniel3473@yopmail.com,true,antoinette,daniel,true
eric.thierry5465,eric.thierry5465,eric.thierry5465@yopmail.com,true,éric,thierry,true
andree.bodin3539,andree.bodin3539,andree.bodin3539@yopmail.com,true,andrée,bodin,true
edith.noel6551,edith.noel6551,edith.noel6551@yopmail.com,true,édith,noël,true
guillaume.morel7358,guillaume.morel7358,guillaume.morel7358@yopmail.com,true,guillaume,morel,true
jerome.humbert3923,jerome.humbert3923,jerome.humbert3923@yopmail.com,true,jérôme,humbert,true
martine.aubert8328,martine.aubert8328,martine.aubert8328@yopmail.com,true,martine,aubert,true
sabine.lefort7909,sabine.lefort7909,sabine.lefort7909@yopmail.com,true,sabine,lefort,true
jacqueline.torres1111,jacqueline.torres1111,jacqueline.torres1111@yopmail.com,true,jacqueline,torres,true
anne.dias3755,anne.dias3755,anne.dias3755@yopmail.com,true,anne,dias,true
daniel.camus3858,daniel.camus3858,daniel.camus3858@yopmail.com,true,daniel,camus,true
christophe.traore9874,christophe.traore9874,christophe.traore9874@yopmail.com,true,christophe,traore,true
philippe.mary6102,philippe.mary6102,philippe.mary6102@yopmail.com,true,philippe,mary,true
remy.herve6994,remy.herve6994,remy.herve6994@yopmail.com,true,rémy,hervé,true
astrid.etienne8095,astrid.etienne8095,astrid.etienne8095@yopmail.com,true,astrid,étienne,true
jules.pascal7058,jules.pascal7058,jules.pascal7058@yopmail.com,true,jules,pascal,true
honore.laurent1867,honore.laurent1867,honore.laurent1867@yopmail.com,true,honoré,laurent,true
danielle.barre4115,danielle.barre4115,danielle.barre4115@yopmail.com,true,danielle,barre,true
madeleine.guillet8005,madeleine.guillet8005,madeleine.guillet8005@yopmail.com,true,madeleine,guillet,true
michelle.voisin3308,michelle.voisin3308,michelle.voisin3308@yopmail.com,true,michelle,voisin,true
alexandre.noel6758,alexandre.noel6758,alexandre.noel6758@yopmail.com,true,alexandre,noël,true
cecile.besnard9404,cecile.besnard9404,cecile.besnard9404@yopmail.com,true,cécile,besnard,true
lorraine.faure1384,lorraine.faure1384,lorraine.faure1384@yopmail.com,true,lorraine,faure,true
frederique.peron3190,frederique.peron3190,frederique.peron3190@yopmail.com,true,frédérique,peron,true
hugues.fleury9435,hugues.fleury9435,hugues.fleury9435@yopmail.com,true,hugues,fleury,true
adele.ruiz6309,adele.ruiz6309,adele.ruiz6309@yopmail.com,true,adèle,ruiz,true
lucie.reynaud3182,lucie.reynaud3182,lucie.reynaud3182@yopmail.com,true,lucie,reynaud,true
vincent.mendes8462,vincent.mendes8462,vincent.mendes8462@yopmail.com,true,vincent,mendès,true
adrien.voisin3509,adrien.voisin3509,adrien.voisin3509@yopmail.com,true,adrien,voisin,true
luc.riou3462,luc.riou3462,luc.riou3462@yopmail.com,true,luc,riou,true
anais.gautier7828,anais.gautier7828,anais.gautier7828@yopmail.com,true,anaïs,gautier,true
etienne.leclercq4657,etienne.leclercq4657,etienne.leclercq4657@yopmail.com,true,étienne,leclercq,true
eric.lombard6252,eric.lombard6252,eric.lombard6252@yopmail.com,true,éric,lombard,true
constance.guillet1116,constance.guillet1116,constance.guillet1116@yopmail.com,true,constance,guillet,true
martine.gros1579,martine.gros1579,martine.gros1579@yopmail.com,true,martine,gros,true
franck.gomez2655,franck.gomez2655,franck.gomez2655@yopmail.com,true,franck,gomez,true
daniel.guillaume7426,daniel.guillaume7426,daniel.guillaume7426@yopmail.com,true,daniel,guillaume,true
victoire.da-costa7716,victoire.da-costa7716,victoire.da-costa7716@yopmail.com,true,victoire,da costa,true
gilles.pinto9879,gilles.pinto9879,gilles.pinto9879@yopmail.com,true,gilles,pinto,true
gilles.arnaud7182,gilles.arnaud7182,gilles.arnaud7182@yopmail.com,true,gilles,arnaud,true
jeanne.alves8511,jeanne.alves8511,jeanne.alves8511@yopmail.com,true,jeanne,alves,true
agathe.perrot2326,agathe.perrot2326,agathe.perrot2326@yopmail.com,true,agathe,perrot,true
denis.leger2266,denis.leger2266,denis.leger2266@yopmail.com,true,denis,léger,true
laure.boulay3573,laure.boulay3573,laure.boulay3573@yopmail.com,true,laure,boulay,true
marguerite.gaudin6203,marguerite.gaudin6203,marguerite.gaudin6203@yopmail.com,true,marguerite,gaudin,true
veronique.leleu2922,veronique.leleu2922,veronique.leleu2922@yopmail.com,true,véronique,leleu,true
laurence.colin2933,laurence.colin2933,laurence.colin2933@yopmail.com,true,laurence,colin,true
marcel.ribeiro9994,marcel.ribeiro9994,marcel.ribeiro9994@yopmail.com,true,marcel,ribeiro,true
marcel.valette1343,marcel.valette1343,marcel.valette1343@yopmail.com,true,marcel,valette,true
david.adam5294,david.adam5294,david.adam5294@yopmail.com,true,david,adam,true
veronique.bernier8239,veronique.bernier8239,veronique.bernier8239@yopmail.com,true,véronique,bernier,true
francois.gautier5548,francois.gautier5548,francois.gautier5548@yopmail.com,true,françois,gautier,true
emmanuelle.colin3857,emmanuelle.colin3857,emmanuelle.colin3857@yopmail.com,true,emmanuelle,colin,true
adrienne.colas3168,adrienne.colas3168,adrienne.colas3168@yopmail.com,true,adrienne,colas,true
dominique.mendes4636,dominique.mendes4636,dominique.mendes4636@yopmail.com,true,dominique,mendès,true
paul.diallo3911,paul.diallo3911,paul.diallo3911@yopmail.com,true,paul,diallo,true
david.bailly9260,david.bailly9260,david.bailly9260@yopmail.com,true,david,bailly,true
jacques.grenier6988,jacques.grenier6988,jacques.grenier6988@yopmail.com,true,jacques,grenier,true
andree.chauvet6587,andree.chauvet6587,andree.chauvet6587@yopmail.com,true,andrée,chauvet,true
gerard.riou2184,gerard.riou2184,gerard.riou2184@yopmail.com,true,gérard,riou,true
cecile.richard6385,cecile.richard6385,cecile.richard6385@yopmail.com,true,cécile,richard,true
audrey.lemoine4218,audrey.lemoine4218,audrey.lemoine4218@yopmail.com,true,audrey,lemoine,true
danielle.ramos7094,danielle.ramos7094,danielle.ramos7094@yopmail.com,true,danielle,ramos,true
julie.chauvin8969,julie.chauvin8969,julie.chauvin8969@yopmail.com,true,julie,chauvin,true
aurelie.thomas2787,aurelie.thomas2787,aurelie.thomas2787@yopmail.com,true,aurélie,thomas,true
maryse.duhamel9471,maryse.duhamel9471,maryse.duhamel9471@yopmail.com,true,maryse,duhamel,true
juliette.voisin6196,juliette.voisin6196,juliette.voisin6196@yopmail.com,true,juliette,voisin,true
christelle.klein5453,christelle.klein5453,christelle.klein5453@yopmail.com,true,christelle,klein,true
valentine.maillet4659,valentine.maillet4659,valentine.maillet4659@yopmail.com,true,valentine,maillet,true
franck.delmas8412,franck.delmas8412,franck.delmas8412@yopmail.com,true,franck,delmas,true
marthe.loiseau9445,marthe.loiseau9445,marthe.loiseau9445@yopmail.com,true,marthe,loiseau,true
claudine.lebon2857,claudine.lebon2857,claudine.lebon2857@yopmail.com,true,claudine,lebon,true
maggie.gautier4852,maggie.gautier4852,maggie.gautier4852@yopmail.com,true,maggie,gautier,true
michele.da-costa6258,michele.da-costa6258,michele.da-costa6258@yopmail.com,true,michèle,da costa,true
catherine.roussel1266,catherine.roussel1266,catherine.roussel1266@yopmail.com,true,catherine,roussel,true
arnaude.cohen9224,arnaude.cohen9224,arnaude.cohen9224@yopmail.com,true,arnaude,cohen,true
josephine.guyon5588,josephine.guyon5588,josephine.guyon5588@yopmail.com,true,joséphine,guyon,true
emmanuel.le-goff9160,emmanuel.le-goff9160,emmanuel.le-goff9160@yopmail.com,true,emmanuel,le goff,true
camille.mercier1482,camille.mercier1482,camille.mercier1482@yopmail.com,true,camille,mercier,true
adrien.chauvin4343,adrien.chauvin4343,adrien.chauvin4343@yopmail.com,true,adrien,chauvin,true
jeannine.boulay6558,jeannine.boulay6558,jeannine.boulay6558@yopmail.com,true,jeannine,boulay,true
benjamin.guyot5106,benjamin.guyot5106,benjamin.guyot5106@yopmail.com,true,benjamin,guyot,true
isaac.baron6262,isaac.baron6262,isaac.baron6262@yopmail.com,true,isaac,baron,true
joseph.prevost8472,joseph.prevost8472,joseph.prevost8472@yopmail.com,true,joseph,prévost,true
victoire.chevallier4760,victoire.chevallier4760,victoire.chevallier4760@yopmail.com,true,victoire,chevallier,true
julien.coste4609,julien.coste4609,julien.coste4609@yopmail.com,true,julien,coste,true
diane.paul5951,diane.paul5951,diane.paul5951@yopmail.com,true,diane,paul,true
claude.colin6279,claude.colin6279,claude.colin6279@yopmail.com,true,claude,colin,true
jerome.blin9808,jerome.blin9808,jerome.blin9808@yopmail.com,true,jérôme,blin,true
lucy.klein8612,lucy.klein8612,lucy.klein8612@yopmail.com,true,lucy,klein,true
christine.imbert9897,christine.imbert9897,christine.imbert9897@yopmail.com,true,christine,imbert,true
stephanie.jacquet6120,stephanie.jacquet6120,stephanie.jacquet6120@yopmail.com,true,stéphanie,jacquet,true
marcel.antoine7385,marcel.antoine7385,marcel.antoine7385@yopmail.com,true,marcel,antoine,true
theodore.leclercq4503,theodore.leclercq4503,theodore.leclercq4503@yopmail.com,true,théodore,leclercq,true
dorothee.lebrun6281,dorothee.lebrun6281,dorothee.lebrun6281@yopmail.com,true,dorothée,lebrun,true
oceane.dufour1705,oceane.dufour1705,oceane.dufour1705@yopmail.com,true,océane,dufour,true
marianne.navarro5589,marianne.navarro5589,marianne.navarro5589@yopmail.com,true,marianne,navarro,true
josette.philippe6621,josette.philippe6621,josette.philippe6621@yopmail.com,true,josette,philippe,true
maryse.le-gall1513,maryse.le-gall1513,maryse.le-gall1513@yopmail.com,true,maryse,le gall,true
agnes.merle7681,agnes.merle7681,agnes.merle7681@yopmail.com,true,agnès,merle,true
edith.marion4976,edith.marion4976,edith.marion4976@yopmail.com,true,édith,marion,true
patrick.robin5929,patrick.robin5929,patrick.robin5929@yopmail.com,true,patrick,robin,true
maryse.renault2282,maryse.renault2282,maryse.renault2282@yopmail.com,true,maryse,renault,true
noel.chevallier5093,noel.chevallier5093,noel.chevallier5093@yopmail.com,true,noël,chevallier,true
danielle.mary9116,danielle.mary9116,danielle.mary9116@yopmail.com,true,danielle,mary,true
colette.guerin1235,colette.guerin1235,colette.guerin1235@yopmail.com,true,colette,guérin,true
simone.guillot2862,simone.guillot2862,simone.guillot2862@yopmail.com,true,simone,guillot,true
elodie.coste4419,elodie.coste4419,elodie.coste4419@yopmail.com,true,élodie,coste,true
elisabeth.le-goff2789,elisabeth.le-goff2789,elisabeth.le-goff2789@yopmail.com,true,élisabeth,le goff,true
laurent.legros2011,laurent.legros2011,laurent.legros2011@yopmail.com,true,laurent,legros,true
alfred.roux4360,alfred.roux4360,alfred.roux4360@yopmail.com,true,alfred,roux,true
celine.blanchard8358,celine.blanchard8358,celine.blanchard8358@yopmail.com,true,céline,blanchard,true
marie.bousquet8594,marie.bousquet8594,marie.bousquet8594@yopmail.com,true,marie,bousquet,true
pauline.richard2501,pauline.richard2501,pauline.richard2501@yopmail.com,true,pauline,richard,true
adele.sanchez3936,adele.sanchez3936,adele.sanchez3936@yopmail.com,true,adèle,sanchez,true
gabriel.joly7128,gabriel.joly7128,gabriel.joly7128@yopmail.com,true,gabriel,joly,true
bernadette.le-roux2425,bernadette.le-roux2425,bernadette.le-roux2425@yopmail.com,true,bernadette,le roux,true
daniel.blanc2812,daniel.blanc2812,daniel.blanc2812@yopmail.com,true,daniel,blanc,true
maryse.lemonnier1489,maryse.lemonnier1489,maryse.lemonnier1489@yopmail.com,true,maryse,lemonnier,true
edith.lemaire4070,edith.lemaire4070,edith.lemaire4070@yopmail.com,true,édith,lemaire,true
denise.vasseur8394,denise.vasseur8394,denise.vasseur8394@yopmail.com,true,denise,vasseur,true
yves.goncalves7475,yves.goncalves7475,yves.goncalves7475@yopmail.com,true,yves,goncalves,true
margaret.paris8893,margaret.paris8893,margaret.paris8893@yopmail.com,true,margaret,paris,true
daniel.ruiz9777,daniel.ruiz9777,daniel.ruiz9777@yopmail.com,true,daniel,ruiz,true
alexandrie.mallet4036,alexandrie.mallet4036,alexandrie.mallet4036@yopmail.com,true,alexandrie,mallet,true
marguerite.hernandez1115,marguerite.hernandez1115,marguerite.hernandez1115@yopmail.com,true,marguerite,hernandez,true
daniel.reynaud1345,daniel.reynaud1345,daniel.reynaud1345@yopmail.com,true,daniel,reynaud,true
yves.blanchet2572,yves.blanchet2572,yves.blanchet2572@yopmail.com,true,yves,blanchet,true
nicole.gregoire6485,nicole.gregoire6485,nicole.gregoire6485@yopmail.com,true,nicole,grégoire,true
thomas.guillou7334,thomas.guillou7334,thomas.guillou7334@yopmail.com,true,thomas,guillou,true
monique.clerc9033,monique.clerc9033,monique.clerc9033@yopmail.com,true,monique,clerc,true
constance.de-oliveira3906,constance.de-oliveira3906,constance.de-oliveira3906@yopmail.com,true,constance,de oliveira,true
bernadette.poirier8829,bernadette.poirier8829,bernadette.poirier8829@yopmail.com,true,bernadette,poirier,true
patricia.renaud9432,patricia.renaud9432,patricia.renaud9432@yopmail.com,true,patricia,renaud,true
sophie.mary7972,sophie.mary7972,sophie.mary7972@yopmail.com,true,sophie,mary,true
rene.fournier3151,rene.fournier3151,rene.fournier3151@yopmail.com,true,rené,fournier,true
josette.begue7450,josette.begue7450,josette.begue7450@yopmail.com,true,josette,bègue,true
louise.duval7383,louise.duval7383,louise.duval7383@yopmail.com,true,louise,duval,true
robert.noel9322,robert.noel9322,robert.noel9322@yopmail.com,true,robert,noël,true
martine.royer1558,martine.royer1558,martine.royer1558@yopmail.com,true,martine,royer,true
noel.carre8768,noel.carre8768,noel.carre8768@yopmail.com,true,noël,carre,true
matthieu.boutin6890,matthieu.boutin6890,matthieu.boutin6890@yopmail.com,true,matthieu,boutin,true
aimee.buisson4206,aimee.buisson4206,aimee.buisson4206@yopmail.com,true,aimée,buisson,true
colette.gauthier9051,colette.gauthier9051,colette.gauthier9051@yopmail.com,true,colette,gauthier,true
gerard.martineau4250,gerard.martineau4250,gerard.martineau4250@yopmail.com,true,gérard,martineau,true
celine.perret8378,celine.perret8378,celine.perret8378@yopmail.com,true,céline,perret,true
caroline.bernier6831,caroline.bernier6831,caroline.bernier6831@yopmail.com,true,caroline,bernier,true
benoit.petit2527,benoit.petit2527,benoit.petit2527@yopmail.com,true,benoît,petit,true
martine.durand7737,martine.durand7737,martine.durand7737@yopmail.com,true,martine,durand,true
victor.thomas9387,victor.thomas9387,victor.thomas9387@yopmail.com,true,victor,thomas,true
celine.ribeiro2595,celine.ribeiro2595,celine.ribeiro2595@yopmail.com,true,céline,ribeiro,true
josephine.mace9244,josephine.mace9244,josephine.mace9244@yopmail.com,true,joséphine,mace,true
sabine.gillet8702,sabine.gillet8702,sabine.gillet8702@yopmail.com,true,sabine,gillet,true
christine.rousseau1600,christine.rousseau1600,christine.rousseau1600@yopmail.com,true,christine,rousseau,true
susan.lemaire5074,susan.lemaire5074,susan.lemaire5074@yopmail.com,true,susan,lemaire,true
alexandre.cohen1211,alexandre.cohen1211,alexandre.cohen1211@yopmail.com,true,alexandre,cohen,true
arnaude.henry2782,arnaude.henry2782,arnaude.henry2782@yopmail.com,true,arnaude,henry,true
nicolas.marechal7600,nicolas.marechal7600,nicolas.marechal7600@yopmail.com,true,nicolas,maréchal,true
danielle.techer2496,danielle.techer2496,danielle.techer2496@yopmail.com,true,danielle,techer,true
thibaut.rey4820,thibaut.rey4820,thibaut.rey4820@yopmail.com,true,thibaut,rey,true
claude.georges8467,claude.georges8467,claude.georges8467@yopmail.com,true,claude,georges,true
maggie.delahaye9876,maggie.delahaye9876,maggie.delahaye9876@yopmail.com,true,maggie,delahaye,true
mathilde.fischer2472,mathilde.fischer2472,mathilde.fischer2472@yopmail.com,true,mathilde,fischer,true
christiane.mace1141,christiane.mace1141,christiane.mace1141@yopmail.com,true,christiane,mace,true
celina.bonnin9414,celina.bonnin9414,celina.bonnin9414@yopmail.com,true,célina,bonnin,true
martin.bonnin1668,martin.bonnin1668,martin.bonnin1668@yopmail.com,true,martin,bonnin,true
celine.gilbert5085,celine.gilbert5085,celine.gilbert5085@yopmail.com,true,céline,gilbert,true
anne.perrin2794,anne.perrin2794,anne.perrin2794@yopmail.com,true,anne,perrin,true
xavier.vallee9919,xavier.vallee9919,xavier.vallee9919@yopmail.com,true,xavier,vallée,true
yves.chevallier3250,yves.chevallier3250,yves.chevallier3250@yopmail.com,true,yves,chevallier,true
pierre.vidal1917,pierre.vidal1917,pierre.vidal1917@yopmail.com,true,pierre,vidal,true
theodore.roussel4449,theodore.roussel4449,theodore.roussel4449@yopmail.com,true,théodore,roussel,true
clemence.renard8719,clemence.renard8719,clemence.renard8719@yopmail.com,true,clémence,renard,true
laetitia.masson7124,laetitia.masson7124,laetitia.masson7124@yopmail.com,true,laetitia,masson,true
valentine.francois5164,valentine.francois5164,valentine.francois5164@yopmail.com,true,valentine,françois,true
sebastien.georges7350,sebastien.georges7350,sebastien.georges7350@yopmail.com,true,sébastien,georges,true
francois.guillou7838,francois.guillou7838,francois.guillou7838@yopmail.com,true,françois,guillou,true
jules.jacques1127,jules.jacques1127,jules.jacques1127@yopmail.com,true,jules,jacques,true
margaud.le-roux6900,margaud.le-roux6900,margaud.le-roux6900@yopmail.com,true,margaud,le roux,true
henri.le-roux8547,henri.le-roux8547,henri.le-roux8547@yopmail.com,true,henri,le roux,true
francois.colin7201,francois.colin7201,francois.colin7201@yopmail.com,true,françois,colin,true
victoire.lecoq5358,victoire.lecoq5358,victoire.lecoq5358@yopmail.com,true,victoire,lecoq,true
gilles.pinto3644,gilles.pinto3644,gilles.pinto3644@yopmail.com,true,gilles,pinto,true
anais.dupre2956,anais.dupre2956,anais.dupre2956@yopmail.com,true,anaïs,dupré,true
xavier.lemonnier7067,xavier.lemonnier7067,xavier.lemonnier7067@yopmail.com,true,xavier,lemonnier,true
martine.buisson6412,martine.buisson6412,martine.buisson6412@yopmail.com,true,martine,buisson,true
guy.ribeiro5301,guy.ribeiro5301,guy.ribeiro5301@yopmail.com,true,guy,ribeiro,true
eleonore.coulon7702,eleonore.coulon7702,eleonore.coulon7702@yopmail.com,true,éléonore,coulon,true
emmanuelle.blanc3968,emmanuelle.blanc3968,emmanuelle.blanc3968@yopmail.com,true,emmanuelle,blanc,true
edouard.rolland3968,edouard.rolland3968,edouard.rolland3968@yopmail.com,true,édouard,rolland,true
sylvie.leroux1044,sylvie.leroux1044,sylvie.leroux1044@yopmail.com,true,sylvie,leroux,true
juliette.dufour8488,juliette.dufour8488,juliette.dufour8488@yopmail.com,true,juliette,dufour,true
frederique.boutin9216,frederique.boutin9216,frederique.boutin9216@yopmail.com,true,frédérique,boutin,true
honore.voisin3172,honore.voisin3172,honore.voisin3172@yopmail.com,true,honoré,voisin,true
michele.andre1988,michele.andre1988,michele.andre1988@yopmail.com,true,michèle,andre,true
guy.vaillant5856,guy.vaillant5856,guy.vaillant5856@yopmail.com,true,guy,vaillant,true
louise.jean7718,louise.jean7718,louise.jean7718@yopmail.com,true,louise,jean,true
eugene.gallet3897,eugene.gallet3897,eugene.gallet3897@yopmail.com,true,eugène,gallet,true
thibaut.cohen4570,thibaut.cohen4570,thibaut.cohen4570@yopmail.com,true,thibaut,cohen,true
anastasie.lefort4522,anastasie.lefort4522,anastasie.lefort4522@yopmail.com,true,anastasie,lefort,true
margaux.coulon6583,margaux.coulon6583,margaux.coulon6583@yopmail.com,true,margaux,coulon,true
susanne.raynaud4938,susanne.raynaud4938,susanne.raynaud4938@yopmail.com,true,susanne,raynaud,true
arthur.reynaud6449,arthur.reynaud6449,arthur.reynaud6449@yopmail.com,true,arthur,reynaud,true
catherine.samson6993,catherine.samson6993,catherine.samson6993@yopmail.com,true,catherine,samson,true
bernadette.carlier6574,bernadette.carlier6574,bernadette.carlier6574@yopmail.com,true,bernadette,carlier,true
bernard.lecomte7295,bernard.lecomte7295,bernard.lecomte7295@yopmail.com,true,bernard,lecomte,true
yves.guillaume2073,yves.guillaume2073,yves.guillaume2073@yopmail.com,true,yves,guillaume,true
noemi.letellier9586,noemi.letellier9586,noemi.letellier9586@yopmail.com,true,noémi,letellier,true
gabriel.brunet7725,gabriel.brunet7725,gabriel.brunet7725@yopmail.com,true,gabriel,brunet,true
sylvie.monnier9597,sylvie.monnier9597,sylvie.monnier9597@yopmail.com,true,sylvie,monnier,true
joseph.gilbert9871,joseph.gilbert9871,joseph.gilbert9871@yopmail.com,true,joseph,gilbert,true
guillaume.marchand7064,guillaume.marchand7064,guillaume.marchand7064@yopmail.com,true,guillaume,marchand,true
thierry.huet6814,thierry.huet6814,thierry.huet6814@yopmail.com,true,thierry,huet,true
emilie.leroy7876,emilie.leroy7876,emilie.leroy7876@yopmail.com,true,émilie,leroy,true
anais.munoz8442,anais.munoz8442,anais.munoz8442@yopmail.com,true,anaïs,munoz,true
catherine.blanchet7209,catherine.blanchet7209,catherine.blanchet7209@yopmail.com,true,catherine,blanchet,true
cecile.joubert5092,cecile.joubert5092,cecile.joubert5092@yopmail.com,true,cécile,joubert,true
nicole.deschamps7861,nicole.deschamps7861,nicole.deschamps7861@yopmail.com,true,nicole,deschamps,true
suzanne.clerc8866,suzanne.clerc8866,suzanne.clerc8866@yopmail.com,true,suzanne,clerc,true
noel.rousseau1606,noel.rousseau1606,noel.rousseau1606@yopmail.com,true,noël,rousseau,true
colette.courtois6983,colette.courtois6983,colette.courtois6983@yopmail.com,true,colette,courtois,true
denise.bazin3741,denise.bazin3741,denise.bazin3741@yopmail.com,true,denise,bazin,true
theophile.roger8021,theophile.roger8021,theophile.roger8021@yopmail.com,true,théophile,roger,true
robert.prevost3069,robert.prevost3069,robert.prevost3069@yopmail.com,true,robert,prévost,true
arnaude.dumas2803,arnaude.dumas2803,arnaude.dumas2803@yopmail.com,true,arnaude,dumas,true
zoe.boulanger9298,zoe.boulanger9298,zoe.boulanger9298@yopmail.com,true,zoé,boulanger,true
gabriel.dupuy9857,gabriel.dupuy9857,gabriel.dupuy9857@yopmail.com,true,gabriel,dupuy,true
gregoire.rolland7164,gregoire.rolland7164,gregoire.rolland7164@yopmail.com,true,grégoire,rolland,true
tristan.ramos6589,tristan.ramos6589,tristan.ramos6589@yopmail.com,true,tristan,ramos,true
olivie.coste2103,olivie.coste2103,olivie.coste2103@yopmail.com,true,olivie,coste,true
lucas.delmas9645,lucas.delmas9645,lucas.delmas9645@yopmail.com,true,lucas,delmas,true
tristan.perrot4303,tristan.perrot4303,tristan.perrot4303@yopmail.com,true,tristan,perrot,true
franck.le-goff1508,franck.le-goff1508,franck.le-goff1508@yopmail.com,true,franck,le goff,true
catherine.guillot2044,catherine.guillot2044,catherine.guillot2044@yopmail.com,true,catherine,guillot,true
philippe.weiss5539,philippe.weiss5539,philippe.weiss5539@yopmail.com,true,philippe,weiss,true
marcel.alves2804,marcel.alves2804,marcel.alves2804@yopmail.com,true,marcel,alves,true
gilbert.lebon2412,gilbert.lebon2412,gilbert.lebon2412@yopmail.com,true,gilbert,lebon,true
dorothee.fischer4447,dorothee.fischer4447,dorothee.fischer4447@yopmail.com,true,dorothée,fischer,true
nicolas.raymond9526,nicolas.raymond9526,nicolas.raymond9526@yopmail.com,true,nicolas,raymond,true
theodore.brun8880,theodore.brun8880,theodore.brun8880@yopmail.com,true,théodore,brun,true
mathilde.barbier1371,mathilde.barbier1371,mathilde.barbier1371@yopmail.com,true,mathilde,barbier,true
jeannine.samson5356,jeannine.samson5356,jeannine.samson5356@yopmail.com,true,jeannine,samson,true
emmanuelle.allain7863,emmanuelle.allain7863,emmanuelle.allain7863@yopmail.com,true,emmanuelle,allain,true
theodore.bertin8950,theodore.bertin8950,theodore.bertin8950@yopmail.com,true,théodore,bertin,true
alfred.barre6049,alfred.barre6049,alfred.barre6049@yopmail.com,true,alfred,barre,true
alexandrie.gauthier7809,alexandrie.gauthier7809,alexandrie.gauthier7809@yopmail.com,true,alexandrie,gauthier,true
anouk.gerard1468,anouk.gerard1468,anouk.gerard1468@yopmail.com,true,anouk,gérard,true
anne.marie8438,anne.marie8438,anne.marie8438@yopmail.com,true,anne,marie,true
lucie.rocher1056,lucie.rocher1056,lucie.rocher1056@yopmail.com,true,lucie,rocher,true
susan.grenier1598,susan.grenier1598,susan.grenier1598@yopmail.com,true,susan,grenier,true
caroline.coste2331,caroline.coste2331,caroline.coste2331@yopmail.com,true,caroline,coste,true
alice.delaunay2918,alice.delaunay2918,alice.delaunay2918@yopmail.com,true,alice,delaunay,true
valerie.guyot7924,valerie.guyot7924,valerie.guyot7924@yopmail.com,true,valérie,guyot,true
yves.evrard1370,yves.evrard1370,yves.evrard1370@yopmail.com,true,yves,evrard,true
arnaude.texier4152,arnaude.texier4152,arnaude.texier4152@yopmail.com,true,arnaude,texier,true
alexandrie.verdier3207,alexandrie.verdier3207,alexandrie.verdier3207@yopmail.com,true,alexandrie,verdier,true
bernard.colas7285,bernard.colas7285,bernard.colas7285@yopmail.com,true,bernard,colas,true
valerie.guillet8391,valerie.guillet8391,valerie.guillet8391@yopmail.com,true,valérie,guillet,true
margot.barre5901,margot.barre5901,margot.barre5901@yopmail.com,true,margot,barre,true
juliette.humbert3230,juliette.humbert3230,juliette.humbert3230@yopmail.com,true,juliette,humbert,true
nathalie.barbier3069,nathalie.barbier3069,nathalie.barbier3069@yopmail.com,true,nathalie,barbier,true
manon.grondin4443,manon.grondin4443,manon.grondin4443@yopmail.com,true,manon,grondin,true
audrey.bodin3546,audrey.bodin3546,audrey.bodin3546@yopmail.com,true,audrey,bodin,true
agathe.mathieu8022,agathe.mathieu8022,agathe.mathieu8022@yopmail.com,true,agathe,mathieu,true
margaret.cohen2680,margaret.cohen2680,margaret.cohen2680@yopmail.com,true,margaret,cohen,true
olivie.dumont5311,olivie.dumont5311,olivie.dumont5311@yopmail.com,true,olivie,dumont,true
nath.charrier1809,nath.charrier1809,nath.charrier1809@yopmail.com,true,nath,charrier,true
vincent.valette4573,vincent.valette4573,vincent.valette4573@yopmail.com,true,vincent,valette,true
alex.salmon5138,alex.salmon5138,alex.salmon5138@yopmail.com,true,alex,salmon,true
victoire.jean4207,victoire.jean4207,victoire.jean4207@yopmail.com,true,victoire,jean,true
jeanne.lemoine9568,jeanne.lemoine9568,jeanne.lemoine9568@yopmail.com,true,jeanne,lemoine,true
josephine.blanc1283,josephine.blanc1283,josephine.blanc1283@yopmail.com,true,joséphine,blanc,true
capucine.picard1964,capucine.picard1964,capucine.picard1964@yopmail.com,true,capucine,picard,true
danielle.cohen3681,danielle.cohen3681,danielle.cohen3681@yopmail.com,true,danielle,cohen,true
margaux.joly6673,margaux.joly6673,margaux.joly6673@yopmail.com,true,margaux,joly,true
victor.meunier4256,victor.meunier4256,victor.meunier4256@yopmail.com,true,victor,meunier,true
francois.bertrand7507,francois.bertrand7507,francois.bertrand7507@yopmail.com,true,françois,bertrand,true
anastasie.pereira3417,anastasie.pereira3417,anastasie.pereira3417@yopmail.com,true,anastasie,pereira,true
luc.francois3057,luc.francois3057,luc.francois3057@yopmail.com,true,luc,françois,true
gilbert.rocher3275,gilbert.rocher3275,gilbert.rocher3275@yopmail.com,true,gilbert,rocher,true
josephine.maillet3404,josephine.maillet3404,josephine.maillet3404@yopmail.com,true,joséphine,maillet,true
vincent.michel7169,vincent.michel7169,vincent.michel7169@yopmail.com,true,vincent,michel,true
victor.hebert5209,victor.hebert5209,victor.hebert5209@yopmail.com,true,victor,hebert,true
susanne.aubert9149,susanne.aubert9149,susanne.aubert9149@yopmail.com,true,susanne,aubert,true
amelie.coulon3850,amelie.coulon3850,amelie.coulon3850@yopmail.com,true,amélie,coulon,true
olivie.joly9864,olivie.joly9864,olivie.joly9864@yopmail.com,true,olivie,joly,true
elodie.rousseau9692,elodie.rousseau9692,elodie.rousseau9692@yopmail.com,true,élodie,rousseau,true
marguerite.germain7022,marguerite.germain7022,marguerite.germain7022@yopmail.com,true,marguerite,germain,true
oceane.lacombe2673,oceane.lacombe2673,oceane.lacombe2673@yopmail.com,true,océane,lacombe,true
josette.camus1075,josette.camus1075,josette.camus1075@yopmail.com,true,josette,camus,true
theophile.dijoux8496,theophile.dijoux8496,theophile.dijoux8496@yopmail.com,true,théophile,dijoux,true
emile.boutin8626,emile.boutin8626,emile.boutin8626@yopmail.com,true,émile,boutin,true
eugene.foucher4949,eugene.foucher4949,eugene.foucher4949@yopmail.com,true,eugène,foucher,true
lucas.dupre4069,lucas.dupre4069,lucas.dupre4069@yopmail.com,true,lucas,dupré,true
nathalie.fernandez9408,nathalie.fernandez9408,nathalie.fernandez9408@yopmail.com,true,nathalie,fernandez,true
anne.delannoy1376,anne.delannoy1376,anne.delannoy1376@yopmail.com,true,anne,delannoy,true
philippe.alexandre9040,philippe.alexandre9040,philippe.alexandre9040@yopmail.com,true,philippe,alexandre,true
laurence.tessier5116,laurence.tessier5116,laurence.tessier5116@yopmail.com,true,laurence,tessier,true
roland.masson7103,roland.masson7103,roland.masson7103@yopmail.com,true,roland,masson,true
xavier.martins3549,xavier.martins3549,xavier.martins3549@yopmail.com,true,xavier,martins,true
valentine.martineau4535,valentine.martineau4535,valentine.martineau4535@yopmail.com,true,valentine,martineau,true
antoinette.evrard4238,antoinette.evrard4238,antoinette.evrard4238@yopmail.com,true,antoinette,evrard,true
arthur.durand9499,arthur.durand9499,arthur.durand9499@yopmail.com,true,arthur,durand,true
renee.bonneau2625,renee.bonneau2625,renee.bonneau2625@yopmail.com,true,renée,bonneau,true
david.michaud5065,david.michaud5065,david.michaud5065@yopmail.com,true,david,michaud,true
jacqueline.arnaud8405,jacqueline.arnaud8405,jacqueline.arnaud8405@yopmail.com,true,jacqueline,arnaud,true
emilie.letellier7335,emilie.letellier7335,emilie.letellier7335@yopmail.com,true,émilie,letellier,true
astrid.lagarde6450,astrid.lagarde6450,astrid.lagarde6450@yopmail.com,true,astrid,lagarde,true
alfred.nguyen6971,alfred.nguyen6971,alfred.nguyen6971@yopmail.com,true,alfred,nguyen,true
paulette.mathieu4025,paulette.mathieu4025,paulette.mathieu4025@yopmail.com,true,paulette,mathieu,true
josephine.pasquier8285,josephine.pasquier8285,josephine.pasquier8285@yopmail.com,true,joséphine,pasquier,true
gilles.chartier1079,gilles.chartier1079,gilles.chartier1079@yopmail.com,true,gilles,chartier,true
benjamin.bourdon9340,benjamin.bourdon9340,benjamin.bourdon9340@yopmail.com,true,benjamin,bourdon,true
valerie.bonnin8218,valerie.bonnin8218,valerie.bonnin8218@yopmail.com,true,valérie,bonnin,true
hugues.alves3956,hugues.alves3956,hugues.alves3956@yopmail.com,true,hugues,alves,true
noemi.chartier6908,noemi.chartier6908,noemi.chartier6908@yopmail.com,true,noémi,chartier,true
therese.jacquot4407,therese.jacquot4407,therese.jacquot4407@yopmail.com,true,thérèse,jacquot,true
victoire.sauvage2446,victoire.sauvage2446,victoire.sauvage2446@yopmail.com,true,victoire,sauvage,true
tristan.chevalier5864,tristan.chevalier5864,tristan.chevalier5864@yopmail.com,true,tristan,chevalier,true
alix.joly2396,alix.joly2396,alix.joly2396@yopmail.com,true,alix,joly,true
marianne.chauveau9268,marianne.chauveau9268,marianne.chauveau9268@yopmail.com,true,marianne,chauveau,true
alexandria.faure8208,alexandria.faure8208,alexandria.faure8208@yopmail.com,true,alexandria,faure,true
aurelie.etienne9629,aurelie.etienne9629,aurelie.etienne9629@yopmail.com,true,aurélie,étienne,true
alain.roy1024,alain.roy1024,alain.roy1024@yopmail.com,true,alain,roy,true
georges.tanguy6440,georges.tanguy6440,georges.tanguy6440@yopmail.com,true,georges,tanguy,true
eugene.coulon1413,eugene.coulon1413,eugene.coulon1413@yopmail.com,true,eugène,coulon,true
thomas.barthelemy6238,thomas.barthelemy6238,thomas.barthelemy6238@yopmail.com,true,thomas,barthelemy,true
lucy.bruneau7477,lucy.bruneau7477,lucy.bruneau7477@yopmail.com,true,lucy,bruneau,true
benjamin.daniel8367,benjamin.daniel8367,benjamin.daniel8367@yopmail.com,true,benjamin,daniel,true
daniel.fleury2933,daniel.fleury2933,daniel.fleury2933@yopmail.com,true,daniel,fleury,true
eric.coulon7989,eric.coulon7989,eric.coulon7989@yopmail.com,true,éric,coulon,true
gerard.richard6046,gerard.richard6046,gerard.richard6046@yopmail.com,true,gérard,richard,true
emile.lemaire5163,emile.lemaire5163,emile.lemaire5163@yopmail.com,true,émile,lemaire,true
odette.roche4020,odette.roche4020,odette.roche4020@yopmail.com,true,odette,roche,true
timothee.rousseau8018,timothee.rousseau8018,timothee.rousseau8018@yopmail.com,true,timothée,rousseau,true
celine.cousin8332,celine.cousin8332,celine.cousin8332@yopmail.com,true,céline,cousin,true
emile.andre9164,emile.andre9164,emile.andre9164@yopmail.com,true,émile,andre,true
elise.simon4340,elise.simon4340,elise.simon4340@yopmail.com,true,élise,simon,true
francois.perez9079,francois.perez9079,francois.perez9079@yopmail.com,true,françois,perez,true
emmanuelle.menard9189,emmanuelle.menard9189,emmanuelle.menard9189@yopmail.com,true,emmanuelle,menard,true
brigitte.adam1709,brigitte.adam1709,brigitte.adam1709@yopmail.com,true,brigitte,adam,true
christelle.lebon9206,christelle.lebon9206,christelle.lebon9206@yopmail.com,true,christelle,lebon,true
remy.laroche1863,remy.laroche1863,remy.laroche1863@yopmail.com,true,rémy,laroche,true
alexandrie.lopes8318,alexandrie.lopes8318,alexandrie.lopes8318@yopmail.com,true,alexandrie,lopes,true
capucine.dupont5359,capucine.dupont5359,capucine.dupont5359@yopmail.com,true,capucine,dupont,true
anais.grenier3404,anais.grenier3404,anais.grenier3404@yopmail.com,true,anaïs,grenier,true
louis.grenier8755,louis.grenier8755,louis.grenier8755@yopmail.com,true,louis,grenier,true
louise.peltier8302,louise.peltier8302,louise.peltier8302@yopmail.com,true,louise,peltier,true
laure.pascal5682,laure.pascal5682,laure.pascal5682@yopmail.com,true,laure,pascal,true
martine.gautier6044,martine.gautier6044,martine.gautier6044@yopmail.com,true,martine,gautier,true
luce.marty9710,luce.marty9710,luce.marty9710@yopmail.com,true,luce,marty,true
brigitte.mercier4113,brigitte.mercier4113,brigitte.mercier4113@yopmail.com,true,brigitte,mercier,true
guy.thibault3377,guy.thibault3377,guy.thibault3377@yopmail.com,true,guy,thibault,true
christelle.grondin1160,christelle.grondin1160,christelle.grondin1160@yopmail.com,true,christelle,grondin,true
nathalie.gaudin6755,nathalie.gaudin6755,nathalie.gaudin6755@yopmail.com,true,nathalie,gaudin,true
guy.bazin4920,guy.bazin4920,guy.bazin4920@yopmail.com,true,guy,bazin,true
hugues.clement2232,hugues.clement2232,hugues.clement2232@yopmail.com,true,hugues,clément,true
elise.pinto1668,elise.pinto1668,elise.pinto1668@yopmail.com,true,élise,pinto,true
claudine.raymond5481,claudine.raymond5481,claudine.raymond5481@yopmail.com,true,claudine,raymond,true
elodie.nicolas6952,elodie.nicolas6952,elodie.nicolas6952@yopmail.com,true,élodie,nicolas,true
elodie.fontaine6999,elodie.fontaine6999,elodie.fontaine6999@yopmail.com,true,élodie,fontaine,true
jean.leleu6812,jean.leleu6812,jean.leleu6812@yopmail.com,true,jean,leleu,true
hugues.bertrand2196,hugues.bertrand2196,hugues.bertrand2196@yopmail.com,true,hugues,bertrand,true
arthur.denis5765,arthur.denis5765,arthur.denis5765@yopmail.com,true,arthur,denis,true
bernadette.pineau2924,bernadette.pineau2924,bernadette.pineau2924@yopmail.com,true,bernadette,pineau,true
jean.fernandes7143,jean.fernandes7143,jean.fernandes7143@yopmail.com,true,jean,fernandes,true
astrid.monnier9766,astrid.monnier9766,astrid.monnier9766@yopmail.com,true,astrid,monnier,true
paul.charles9497,paul.charles9497,paul.charles9497@yopmail.com,true,paul,charles,true
louis.meyer1132,louis.meyer1132,louis.meyer1132@yopmail.com,true,louis,meyer,true
michelle.hoarau2462,michelle.hoarau2462,michelle.hoarau2462@yopmail.com,true,michelle,hoarau,true
jeanne.rousseau1332,jeanne.rousseau1332,jeanne.rousseau1332@yopmail.com,true,jeanne,rousseau,true
roland.marechal4305,roland.marechal4305,roland.marechal4305@yopmail.com,true,roland,maréchal,true
augustin.lenoir8755,augustin.lenoir8755,augustin.lenoir8755@yopmail.com,true,augustin,lenoir,true
colette.mace6921,colette.mace6921,colette.mace6921@yopmail.com,true,colette,mace,true
jacques.masse4564,jacques.masse4564,jacques.masse4564@yopmail.com,true,jacques,masse,true
diane.guillon1016,diane.guillon1016,diane.guillon1016@yopmail.com,true,diane,guillon,true
helene.leger2230,helene.leger2230,helene.leger2230@yopmail.com,true,hélène,léger,true
eleonore.weber7951,eleonore.weber7951,eleonore.weber7951@yopmail.com,true,éléonore,weber,true
constance.boyer5418,constance.boyer5418,constance.boyer5418@yopmail.com,true,constance,boyer,true
eric.peltier7679,eric.peltier7679,eric.peltier7679@yopmail.com,true,éric,peltier,true
julie.mendes9349,julie.mendes9349,julie.mendes9349@yopmail.com,true,julie,mendès,true
emile.baudry3002,emile.baudry3002,emile.baudry3002@yopmail.com,true,émile,baudry,true
stephanie.blanc3190,stephanie.blanc3190,stephanie.blanc3190@yopmail.com,true,stéphanie,blanc,true
elisabeth.charpentier4828,elisabeth.charpentier4828,elisabeth.charpentier4828@yopmail.com,true,élisabeth,charpentier,true
arthur.rousset6412,arthur.rousset6412,arthur.rousset6412@yopmail.com,true,arthur,rousset,true
josephine.muller4029,josephine.muller4029,josephine.muller4029@yopmail.com,true,joséphine,muller,true
alexandre.boulanger3859,alexandre.boulanger3859,alexandre.boulanger3859@yopmail.com,true,alexandre,boulanger,true
elodie.jourdan8763,elodie.jourdan8763,elodie.jourdan8763@yopmail.com,true,élodie,jourdan,true
philippine.seguin6713,philippine.seguin6713,philippine.seguin6713@yopmail.com,true,philippine,seguin,true
marguerite.gay5385,marguerite.gay5385,marguerite.gay5385@yopmail.com,true,marguerite,gay,true
philippe.martins5091,philippe.martins5091,philippe.martins5091@yopmail.com,true,philippe,martins,true
marcelle.guerin9636,marcelle.guerin9636,marcelle.guerin9636@yopmail.com,true,marcelle,guérin,true
laurent.carpentier5472,laurent.carpentier5472,laurent.carpentier5472@yopmail.com,true,laurent,carpentier,true
andree.maurice4335,andree.maurice4335,andree.maurice4335@yopmail.com,true,andrée,maurice,true
marguerite.carpentier1654,marguerite.carpentier1654,marguerite.carpentier1654@yopmail.com,true,marguerite,carpentier,true
leon.michel5332,leon.michel5332,leon.michel5332@yopmail.com,true,léon,michel,true
matthieu.pottier1109,matthieu.pottier1109,matthieu.pottier1109@yopmail.com,true,matthieu,pottier,true
marc.perrin6999,marc.perrin6999,marc.perrin6999@yopmail.com,true,marc,perrin,true
madeleine.bonnet5717,madeleine.bonnet5717,madeleine.bonnet5717@yopmail.com,true,madeleine,bonnet,true
olivie.richard7001,olivie.richard7001,olivie.richard7001@yopmail.com,true,olivie,richard,true
remy.bazin9550,remy.bazin9550,remy.bazin9550@yopmail.com,true,rémy,bazin,true
colette.etienne2292,colette.etienne2292,colette.etienne2292@yopmail.com,true,colette,étienne,true
madeleine.gonzalez4407,madeleine.gonzalez4407,madeleine.gonzalez4407@yopmail.com,true,madeleine,gonzalez,true
alix.lesage5855,alix.lesage5855,alix.lesage5855@yopmail.com,true,alix,lesage,true
aimee.boyer2770,aimee.boyer2770,aimee.boyer2770@yopmail.com,true,aimée,boyer,true
juliette.besnard3427,juliette.besnard3427,juliette.besnard3427@yopmail.com,true,juliette,besnard,true
leon.bernard1001,leon.bernard1001,leon.bernard1001@yopmail.com,true,léon,bernard,true
josephine.lefort9005,josephine.lefort9005,josephine.lefort9005@yopmail.com,true,joséphine,lefort,true
renee.thierry1377,renee.thierry1377,renee.thierry1377@yopmail.com,true,renée,thierry,true
noemi.fouquet7788,noemi.fouquet7788,noemi.fouquet7788@yopmail.com,true,noémi,fouquet,true
henriette.martineau8326,henriette.martineau8326,henriette.martineau8326@yopmail.com,true,henriette,martineau,true
claude.huet4578,claude.huet4578,claude.huet4578@yopmail.com,true,claude,huet,true
anne.mace9385,anne.mace9385,anne.mace9385@yopmail.com,true,anne,mace,true
denise.regnier3386,denise.regnier3386,denise.regnier3386@yopmail.com,true,denise,regnier,true
nicole.guichard3476,nicole.guichard3476,nicole.guichard3476@yopmail.com,true,nicole,guichard,true
constance.martineau8286,constance.martineau8286,constance.martineau8286@yopmail.com,true,constance,martineau,true
claire.guibert2912,claire.guibert2912,claire.guibert2912@yopmail.com,true,claire,guibert,true
vincent.etienne2336,vincent.etienne2336,vincent.etienne2336@yopmail.com,true,vincent,étienne,true
capucine.collet8655,capucine.collet8655,capucine.collet8655@yopmail.com,true,capucine,collet,true
christine.baron9456,christine.baron9456,christine.baron9456@yopmail.com,true,christine,baron,true
nicole.godard3596,nicole.godard3596,nicole.godard3596@yopmail.com,true,nicole,godard,true
marie.petit5690,marie.petit5690,marie.petit5690@yopmail.com,true,marie,petit,true
dominique.voisin4853,dominique.voisin4853,dominique.voisin4853@yopmail.com,true,dominique,voisin,true
charles.seguin1537,charles.seguin1537,charles.seguin1537@yopmail.com,true,charles,seguin,true
maryse.leroux6040,maryse.leroux6040,maryse.leroux6040@yopmail.com,true,maryse,leroux,true
susanne.pinto3364,susanne.pinto3364,susanne.pinto3364@yopmail.com,true,susanne,pinto,true
jeanne.traore6800,jeanne.traore6800,jeanne.traore6800@yopmail.com,true,jeanne,traore,true
michele.monnier2112,michele.monnier2112,michele.monnier2112@yopmail.com,true,michèle,monnier,true
nathalie.perez7920,nathalie.perez7920,nathalie.perez7920@yopmail.com,true,nathalie,perez,true
juliette.courtois6254,juliette.courtois6254,juliette.courtois6254@yopmail.com,true,juliette,courtois,true
pauline.lagarde2461,pauline.lagarde2461,pauline.lagarde2461@yopmail.com,true,pauline,lagarde,true
lucas.bernier9257,lucas.bernier9257,lucas.bernier9257@yopmail.com,true,lucas,bernier,true
emilie.lemaire6775,emilie.lemaire6775,emilie.lemaire6775@yopmail.com,true,émilie,lemaire,true
alex.pinto6730,alex.pinto6730,alex.pinto6730@yopmail.com,true,alex,pinto,true
nicole.barthelemy4621,nicole.barthelemy4621,nicole.barthelemy4621@yopmail.com,true,nicole,barthelemy,true
michel.labbe3092,michel.labbe3092,michel.labbe3092@yopmail.com,true,michel,labbé,true
christine.renard3339,christine.renard3339,christine.renard3339@yopmail.com,true,christine,renard,true
marguerite.gautier7845,marguerite.gautier7845,marguerite.gautier7845@yopmail.com,true,marguerite,gautier,true
susanne.dumont1781,susanne.dumont1781,susanne.dumont1781@yopmail.com,true,susanne,dumont,true
zoe.leger4944,zoe.leger4944,zoe.leger4944@yopmail.com,true,zoé,léger,true
sophie.bazin1026,sophie.bazin1026,sophie.bazin1026@yopmail.com,true,sophie,bazin,true
laetitia.adam5380,laetitia.adam5380,laetitia.adam5380@yopmail.com,true,laetitia,adam,true
agathe.guyon1500,agathe.guyon1500,agathe.guyon1500@yopmail.com,true,agathe,guyon,true
penelope.pottier3053,penelope.pottier3053,penelope.pottier3053@yopmail.com,true,pénélope,pottier,true
michel.muller7845,michel.muller7845,michel.muller7845@yopmail.com,true,michel,muller,true
paulette.bazin3138,paulette.bazin3138,paulette.bazin3138@yopmail.com,true,paulette,bazin,true
alexandre.dos-santos7363,alexandre.dos-santos7363,alexandre.dos-santos7363@yopmail.com,true,alexandre,dos santos,true
benoit.nguyen3625,benoit.nguyen3625,benoit.nguyen3625@yopmail.com,true,benoît,nguyen,true
frederic.bonneau6684,frederic.bonneau6684,frederic.bonneau6684@yopmail.com,true,frédéric,bonneau,true
marie.labbe3606,marie.labbe3606,marie.labbe3606@yopmail.com,true,marie,labbé,true
adele.diaz5997,adele.diaz5997,adele.diaz5997@yopmail.com,true,adèle,diaz,true
susanne.martel1392,susanne.martel1392,susanne.martel1392@yopmail.com,true,susanne,martel,true
caroline.faure8094,caroline.faure8094,caroline.faure8094@yopmail.com,true,caroline,faure,true
pauline.ledoux2652,pauline.ledoux2652,pauline.ledoux2652@yopmail.com,true,pauline,ledoux,true
helene.hamon6362,helene.hamon6362,helene.hamon6362@yopmail.com,true,hélène,hamon,true
caroline.gauthier8701,caroline.gauthier8701,caroline.gauthier8701@yopmail.com,true,caroline,gauthier,true
louise.clement5212,louise.clement5212,louise.clement5212@yopmail.com,true,louise,clément,true
susan.guillon9353,susan.guillon9353,susan.guillon9353@yopmail.com,true,susan,guillon,true
corinne.chevallier7217,corinne.chevallier7217,corinne.chevallier7217@yopmail.com,true,corinne,chevallier,true
louise.laporte4651,louise.laporte4651,louise.laporte4651@yopmail.com,true,louise,laporte,true
pauline.fouquet9780,pauline.fouquet9780,pauline.fouquet9780@yopmail.com,true,pauline,fouquet,true
lucie.garcia1284,lucie.garcia1284,lucie.garcia1284@yopmail.com,true,lucie,garcia,true
paulette.faivre4557,paulette.faivre4557,paulette.faivre4557@yopmail.com,true,paulette,faivre,true
michelle.laurent1600,michelle.laurent1600,michelle.laurent1600@yopmail.com,true,michelle,laurent,true
lucy.robin3802,lucy.robin3802,lucy.robin3802@yopmail.com,true,lucy,robin,true
noel.hamel5938,noel.hamel5938,noel.hamel5938@yopmail.com,true,noël,hamel,true
clemence.de-sousa1666,clemence.de-sousa1666,clemence.de-sousa1666@yopmail.com,true,clémence,de sousa,true
alexandre.vasseur2277,alexandre.vasseur2277,alexandre.vasseur2277@yopmail.com,true,alexandre,vasseur,true
gabrielle.robert6959,gabrielle.robert6959,gabrielle.robert6959@yopmail.com,true,gabrielle,robert,true
mathilde.lejeune5655,mathilde.lejeune5655,mathilde.lejeune5655@yopmail.com,true,mathilde,lejeune,true
georges.valentin2947,georges.valentin2947,georges.valentin2947@yopmail.com,true,georges,valentin,true
martin.petitjean2708,martin.petitjean2708,martin.petitjean2708@yopmail.com,true,martin,petitjean,true
luc.duval4938,luc.duval4938,luc.duval4938@yopmail.com,true,luc,duval,true
leon.berger5500,leon.berger5500,leon.berger5500@yopmail.com,true,léon,berger,true
danielle.barbe8751,danielle.barbe8751,danielle.barbe8751@yopmail.com,true,danielle,barbe,true
martine.fleury7696,martine.fleury7696,martine.fleury7696@yopmail.com,true,martine,fleury,true
theodore.imbert4724,theodore.imbert4724,theodore.imbert4724@yopmail.com,true,théodore,imbert,true
marcel.de-sousa3201,marcel.de-sousa3201,marcel.de-sousa3201@yopmail.com,true,marcel,de sousa,true
henriette.perret1248,henriette.perret1248,henriette.perret1248@yopmail.com,true,henriette,perret,true
marcelle.olivier8638,marcelle.olivier8638,marcelle.olivier8638@yopmail.com,true,marcelle,olivier,true
sabine.rossi4690,sabine.rossi4690,sabine.rossi4690@yopmail.com,true,sabine,rossi,true
joseph.petitjean2262,joseph.petitjean2262,joseph.petitjean2262@yopmail.com,true,joseph,petitjean,true
renee.delahaye8114,renee.delahaye8114,renee.delahaye8114@yopmail.com,true,renée,delahaye,true
remy.boyer3602,remy.boyer3602,remy.boyer3602@yopmail.com,true,rémy,boyer,true
amelie.millet5157,amelie.millet5157,amelie.millet5157@yopmail.com,true,amélie,millet,true
danielle.navarro2496,danielle.navarro2496,danielle.navarro2496@yopmail.com,true,danielle,navarro,true
marie.besson9263,marie.besson9263,marie.besson9263@yopmail.com,true,marie,besson,true
lucy.torres9727,lucy.torres9727,lucy.torres9727@yopmail.com,true,lucy,torres,true
gabriel.antoine2446,gabriel.antoine2446,gabriel.antoine2446@yopmail.com,true,gabriel,antoine,true
jeanne.gilbert8301,jeanne.gilbert8301,jeanne.gilbert8301@yopmail.com,true,jeanne,gilbert,true
sabine.bonnin2344,sabine.bonnin2344,sabine.bonnin2344@yopmail.com,true,sabine,bonnin,true
suzanne.guibert3101,suzanne.guibert3101,suzanne.guibert3101@yopmail.com,true,suzanne,guibert,true
penelope.voisin3612,penelope.voisin3612,penelope.voisin3612@yopmail.com,true,pénélope,voisin,true
brigitte.bazin8841,brigitte.bazin8841,brigitte.bazin8841@yopmail.com,true,brigitte,bazin,true
valentine.charrier9473,valentine.charrier9473,valentine.charrier9473@yopmail.com,true,valentine,charrier,true
monique.caron6086,monique.caron6086,monique.caron6086@yopmail.com,true,monique,caron,true
patricia.lambert7068,patricia.lambert7068,patricia.lambert7068@yopmail.com,true,patricia,lambert,true
auguste.barbier9957,auguste.barbier9957,auguste.barbier9957@yopmail.com,true,auguste,barbier,true
emilie.delorme9359,emilie.delorme9359,emilie.delorme9359@yopmail.com,true,émilie,delorme,true
luce.thibault7115,luce.thibault7115,luce.thibault7115@yopmail.com,true,luce,thibault,true
paulette.millet5775,paulette.millet5775,paulette.millet5775@yopmail.com,true,paulette,millet,true
margot.pages2706,margot.pages2706,margot.pages2706@yopmail.com,true,margot,pages,true
jean.payet9713,jean.payet9713,jean.payet9713@yopmail.com,true,jean,payet,true
daniel.diaz8140,daniel.diaz8140,daniel.diaz8140@yopmail.com,true,daniel,diaz,true
tristan.gilles7443,tristan.gilles7443,tristan.gilles7443@yopmail.com,true,tristan,gilles,true
guillaume.marchand6535,guillaume.marchand6535,guillaume.marchand6535@yopmail.com,true,guillaume,marchand,true
margaux.humbert4900,margaux.humbert4900,margaux.humbert4900@yopmail.com,true,margaux,humbert,true
julie.legendre3130,julie.legendre3130,julie.legendre3130@yopmail.com,true,julie,legendre,true
philippe.arnaud5626,philippe.arnaud5626,philippe.arnaud5626@yopmail.com,true,philippe,arnaud,true
susanne.hubert7584,susanne.hubert7584,susanne.hubert7584@yopmail.com,true,susanne,hubert,true
marguerite.guyon5852,marguerite.guyon5852,marguerite.guyon5852@yopmail.com,true,marguerite,guyon,true
jacqueline.ribeiro9371,jacqueline.ribeiro9371,jacqueline.ribeiro9371@yopmail.com,true,jacqueline,ribeiro,true
valerie.benoit5288,valerie.benoit5288,valerie.benoit5288@yopmail.com,true,valérie,benoit,true
henri.adam1411,henri.adam1411,henri.adam1411@yopmail.com,true,henri,adam,true
bernadette.masse5431,bernadette.masse5431,bernadette.masse5431@yopmail.com,true,bernadette,masse,true
chantal.vidal6197,chantal.vidal6197,chantal.vidal6197@yopmail.com,true,chantal,vidal,true
lorraine.gallet8060,lorraine.gallet8060,lorraine.gallet8060@yopmail.com,true,lorraine,gallet,true
thibault.le-gall3756,thibault.le-gall3756,thibault.le-gall3756@yopmail.com,true,thibault,le gall,true
dominique.perrin9616,dominique.perrin9616,dominique.perrin9616@yopmail.com,true,dominique,perrin,true
francoise.pineau7548,francoise.pineau7548,francoise.pineau7548@yopmail.com,true,françoise,pineau,true
jean.gomes5490,jean.gomes5490,jean.gomes5490@yopmail.com,true,jean,gomes,true
laure.bouvet5692,laure.bouvet5692,laure.bouvet5692@yopmail.com,true,laure,bouvet,true
colette.joseph5354,colette.joseph5354,colette.joseph5354@yopmail.com,true,colette,joseph,true
benjamin.allain8099,benjamin.allain8099,benjamin.allain8099@yopmail.com,true,benjamin,allain,true
manon.delaunay1105,manon.delaunay1105,manon.delaunay1105@yopmail.com,true,manon,delaunay,true
astrid.lefevre8996,astrid.lefevre8996,astrid.lefevre8996@yopmail.com,true,astrid,lefèvre,true
laurent.lesage4533,laurent.lesage4533,laurent.lesage4533@yopmail.com,true,laurent,lesage,true
anne.besnard6164,anne.besnard6164,anne.besnard6164@yopmail.com,true,anne,besnard,true
chantal.julien8639,chantal.julien8639,chantal.julien8639@yopmail.com,true,chantal,julien,true
laurence.maillard4364,laurence.maillard4364,laurence.maillard4364@yopmail.com,true,laurence,maillard,true
jacqueline.rocher2305,jacqueline.rocher2305,jacqueline.rocher2305@yopmail.com,true,jacqueline,rocher,true
thierry.julien4583,thierry.julien4583,thierry.julien4583@yopmail.com,true,thierry,julien,true
charlotte.de-oliveira8068,charlotte.de-oliveira8068,charlotte.de-oliveira8068@yopmail.com,true,charlotte,de oliveira,true
marcel.richard7707,marcel.richard7707,marcel.richard7707@yopmail.com,true,marcel,richard,true
denise.allard8079,denise.allard8079,denise.allard8079@yopmail.com,true,denise,allard,true
marguerite.salmon1670,marguerite.salmon1670,marguerite.salmon1670@yopmail.com,true,marguerite,salmon,true
laurence.rossi1757,laurence.rossi1757,laurence.rossi1757@yopmail.com,true,laurence,rossi,true
margot.lemaire8560,margot.lemaire8560,margot.lemaire8560@yopmail.com,true,margot,lemaire,true
alfred.allain5829,alfred.allain5829,alfred.allain5829@yopmail.com,true,alfred,allain,true
gilles.wagner9475,gilles.wagner9475,gilles.wagner9475@yopmail.com,true,gilles,wagner,true
leon.delannoy8497,leon.delannoy8497,leon.delannoy8497@yopmail.com,true,léon,delannoy,true
sylvie.meunier1442,sylvie.meunier1442,sylvie.meunier1442@yopmail.com,true,sylvie,meunier,true
capucine.charles6177,capucine.charles6177,capucine.charles6177@yopmail.com,true,capucine,charles,true
pauline.leveque1266,pauline.leveque1266,pauline.leveque1266@yopmail.com,true,pauline,lévêque,true
suzanne.evrard5080,suzanne.evrard5080,suzanne.evrard5080@yopmail.com,true,suzanne,evrard,true
michelle.delannoy6643,michelle.delannoy6643,michelle.delannoy6643@yopmail.com,true,michelle,delannoy,true
andree.de-sousa6129,andree.de-sousa6129,andree.de-sousa6129@yopmail.com,true,andrée,de sousa,true
caroline.marchand7801,caroline.marchand7801,caroline.marchand7801@yopmail.com,true,caroline,marchand,true
lucie.valentin6091,lucie.valentin6091,lucie.valentin6091@yopmail.com,true,lucie,valentin,true
susan.gimenez4064,susan.gimenez4064,susan.gimenez4064@yopmail.com,true,susan,gimenez,true
emmanuelle.bonneau9798,emmanuelle.bonneau9798,emmanuelle.bonneau9798@yopmail.com,true,emmanuelle,bonneau,true
pauline.raynaud6601,pauline.raynaud6601,pauline.raynaud6601@yopmail.com,true,pauline,raynaud,true
adelaide.jacob1897,adelaide.jacob1897,adelaide.jacob1897@yopmail.com,true,adélaïde,jacob,true
zoe.mary7309,zoe.mary7309,zoe.mary7309@yopmail.com,true,zoé,mary,true
helene.leclerc5788,helene.leclerc5788,helene.leclerc5788@yopmail.com,true,hélène,leclerc,true
anastasie.jourdan1377,anastasie.jourdan1377,anastasie.jourdan1377@yopmail.com,true,anastasie,jourdan,true
noel.leblanc1430,noel.leblanc1430,noel.leblanc1430@yopmail.com,true,noël,leblanc,true
marc.loiseau7468,marc.loiseau7468,marc.loiseau7468@yopmail.com,true,marc,loiseau,true
mathilde.hoarau8080,mathilde.hoarau8080,mathilde.hoarau8080@yopmail.com,true,mathilde,hoarau,true
eugene.chevalier2347,eugene.chevalier2347,eugene.chevalier2347@yopmail.com,true,eugène,chevalier,true
amelie.courtois4852,amelie.courtois4852,amelie.courtois4852@yopmail.com,true,amélie,courtois,true
timothee.cousin9765,timothee.cousin9765,timothee.cousin9765@yopmail.com,true,timothée,cousin,true
michelle.michaud1820,michelle.michaud1820,michelle.michaud1820@yopmail.com,true,michelle,michaud,true
zoe.laporte2129,zoe.laporte2129,zoe.laporte2129@yopmail.com,true,zoé,laporte,true
constance.bonnet6944,constance.bonnet6944,constance.bonnet6944@yopmail.com,true,constance,bonnet,true
michelle.rousseau3537,michelle.rousseau3537,michelle.rousseau3537@yopmail.com,true,michelle,rousseau,true
sabine.lopes3157,sabine.lopes3157,sabine.lopes3157@yopmail.com,true,sabine,lopes,true
mathilde.roger7894,mathilde.roger7894,mathilde.roger7894@yopmail.com,true,mathilde,roger,true
simone.ledoux7323,simone.ledoux7323,simone.ledoux7323@yopmail.com,true,simone,ledoux,true
roger.laroche5686,roger.laroche5686,roger.laroche5686@yopmail.com,true,roger,laroche,true
emmanuel.martins2504,emmanuel.martins2504,emmanuel.martins2504@yopmail.com,true,emmanuel,martins,true
stephane.clement4251,stephane.clement4251,stephane.clement4251@yopmail.com,true,stéphane,clément,true
antoinette.thibault1431,antoinette.thibault1431,antoinette.thibault1431@yopmail.com,true,antoinette,thibault,true
elisabeth.marty1844,elisabeth.marty1844,elisabeth.marty1844@yopmail.com,true,élisabeth,marty,true
christophe.sanchez2075,christophe.sanchez2075,christophe.sanchez2075@yopmail.com,true,christophe,sanchez,true
genevieve.chretien5583,genevieve.chretien5583,genevieve.chretien5583@yopmail.com,true,geneviève,chrétien,true
denise.de-oliveira1941,denise.de-oliveira1941,denise.de-oliveira1941@yopmail.com,true,denise,de oliveira,true
louis.perrin1259,louis.perrin1259,louis.perrin1259@yopmail.com,true,louis,perrin,true
colette.vallee6361,colette.vallee6361,colette.vallee6361@yopmail.com,true,colette,vallée,true
margot.allard2687,margot.allard2687,margot.allard2687@yopmail.com,true,margot,allard,true
celine.blanc3706,celine.blanc3706,celine.blanc3706@yopmail.com,true,céline,blanc,true
noel.charrier3110,noel.charrier3110,noel.charrier3110@yopmail.com,true,noël,charrier,true
alex.garcia5714,alex.garcia5714,alex.garcia5714@yopmail.com,true,alex,garcia,true
edith.guyon2399,edith.guyon2399,edith.guyon2399@yopmail.com,true,édith,guyon,true
christiane.michaud8137,christiane.michaud8137,christiane.michaud8137@yopmail.com,true,christiane,michaud,true
luc.parent1581,luc.parent1581,luc.parent1581@yopmail.com,true,luc,parent,true
madeleine.morvan4213,madeleine.morvan4213,madeleine.morvan4213@yopmail.com,true,madeleine,morvan,true
victoire.turpin8019,victoire.turpin8019,victoire.turpin8019@yopmail.com,true,victoire,turpin,true
benoit.julien5097,benoit.julien5097,benoit.julien5097@yopmail.com,true,benoît,julien,true
margaux.bonnet4166,margaux.bonnet4166,margaux.bonnet4166@yopmail.com,true,margaux,bonnet,true
adelaide.coste8950,adelaide.coste8950,adelaide.coste8950@yopmail.com,true,adélaïde,coste,true
laurence.huet9225,laurence.huet9225,laurence.huet9225@yopmail.com,true,laurence,huet,true
victoire.gautier4701,victoire.gautier4701,victoire.gautier4701@yopmail.com,true,victoire,gautier,true
franck.verdier6914,franck.verdier6914,franck.verdier6914@yopmail.com,true,franck,verdier,true
richard.petitjean3351,richard.petitjean3351,richard.petitjean3351@yopmail.com,true,richard,petitjean,true
aurore.arnaud3379,aurore.arnaud3379,aurore.arnaud3379@yopmail.com,true,aurore,arnaud,true
hortense.letellier8228,hortense.letellier8228,hortense.letellier8228@yopmail.com,true,hortense,letellier,true
nathalie.imbert7016,nathalie.imbert7016,nathalie.imbert7016@yopmail.com,true,nathalie,imbert,true
jerome.lamy7489,jerome.lamy7489,jerome.lamy7489@yopmail.com,true,jérôme,lamy,true
